cell_id,lat,lon,i,j,region_type
16.5_73.5,16.5,73.5,9,6,coastal
17.5_73.5,17.5,73.5,10,6,coastal
17.5_74.5,17.5,74.5,10,7,hilly
17.5_75.5,17.5,75.5,10,8,plains
18.5_73.5,18.5,73.5,11,6,coastal
18.5_74.5,18.5,74.5,11,7,hilly
18.5_75.5,18.5,75.5,11,8,plains
18.5_76.5,18.5,76.5,11,9,plains
18.5_77.5,18.5,77.5,11,10,plains
19.5_73.5,19.5,73.5,12,6,coastal
19.5_74.5,19.5,74.5,12,7,hilly
19.5_75.5,19.5,75.5,12,8,plains
19.5_76.5,19.5,76.5,12,9,plains
19.5_77.5,19.5,77.5,12,10,plains
19.5_80.5,19.5,80.5,12,13,plains
20.5_73.5,20.5,73.5,13,6,coastal
20.5_74.5,20.5,74.5,13,7,plains
20.5_75.5,20.5,75.5,13,8,plains
20.5_76.5,20.5,76.5,13,9,plains
20.5_77.5,20.5,77.5,13,10,plains
20.5_78.5,20.5,78.5,13,11,plains
20.5_79.5,20.5,79.5,13,12,plains
20.5_80.5,20.5,80.5,13,13,plains
21.5_74.5,21.5,74.5,14,7,plains
21.5_78.5,21.5,78.5,14,11,plains
21.5_79.5,21.5,79.5,14,12,plains
