mean_fit_time,std_fit_time,mean_score_time,std_score_time,param_knn__metric,param_knn__n_neighbors,param_knn__weights,params,split0_test_macro_f1,split1_test_macro_f1,split2_test_macro_f1,split3_test_macro_f1,split4_test_macro_f1,split5_test_macro_f1,split6_test_macro_f1,split7_test_macro_f1,mean_test_macro_f1,std_test_macro_f1,rank_test_macro_f1,split0_train_macro_f1,split1_train_macro_f1,split2_train_macro_f1,split3_train_macro_f1,split4_train_macro_f1,split5_train_macro_f1,split6_train_macro_f1,split7_train_macro_f1,mean_train_macro_f1,std_train_macro_f1,split0_test_accuracy,split1_test_accuracy,split2_test_accuracy,split3_test_accuracy,split4_test_accuracy,split5_test_accuracy,split6_test_accuracy,split7_test_accuracy,mean_test_accuracy,std_test_accuracy,rank_test_accuracy,split0_train_accuracy,split1_train_accuracy,split2_train_accuracy,split3_train_accuracy,split4_train_accuracy,split5_train_accuracy,split6_train_accuracy,split7_train_accuracy,mean_train_accuracy,std_train_accuracy
0.1493586003780365,0.005851857386104764,0.06656584143638611,0.0015793943394853543,euclidean,1,uniform,"{'knn__metric': 'euclidean', 'knn__n_neighbors': 1, 'knn__weights': 'uniform'}",0.6267473897585948,0.5555029876114879,0.4997895622895623,0.6409729900489655,0.4788266397701571,0.6248946481247366,0.3333333333333333,0.6666666666666666,0.5533417772004381,0.10479664174113862,1,0.6666666666666666,0.6666666666666666,0.6666666666666666,0.6666666666666666,0.6666666666666666,0.6666666666666666,0.6666666666666666,0.6666666666666666,0.6666666666666666,0.0,0.9977931904161412,0.9996847414880202,0.9987389659520807,0.9996847414880202,0.980453972257251,0.9993694829760403,1.0,1.0,0.9969656368221942,0.006279379590646308,1,1.0,1.0,1.0,1.0,1.0,1.0,1.0,1.0,1.0,0.0
0.14734303951263428,0.004174430741607098,0.026215940713882446,0.0014741219119083064,euclidean,1,distance,"{'knn__metric': 'euclidean', 'knn__n_neighbors': 1, 'knn__weights': 'distance'}",0.6267473897585948,0.5555029876114879,0.4997895622895623,0.6409729900489655,0.4788266397701571,0.6248946481247366,0.3333333333333333,0.6666666666666666,0.5533417772004381,0.10479664174113862,1,0.6666666666666666,0.6666666666666666,0.6666666666666666,0.6666666666666666,0.6666666666666666,0.6666666666666666,0.6666666666666666,0.6666666666666666,0.6666666666666666,0.0,0.9977931904161412,0.9996847414880202,0.9987389659520807,0.9996847414880202,0.980453972257251,0.9993694829760403,1.0,1.0,0.9969656368221942,0.006279379590646308,1,1.0,1.0,1.0,1.0,1.0,1.0,1.0,1.0,1.0,0.0
0.14707574248313904,0.006500086038975222,0.07026407122612,0.0016996286789833278,euclidean,3,uniform,"{'knn__metric': 'euclidean', 'knn__n_neighbors': 3, 'knn__weights': 'uniform'}",0.6066127468799224,0.49989484752891694,0.4997895622895623,0.5331228291758762,0.4310204372393826,0.6248946481247366,0.3333333333333333,0.6666666666666666,0.5244168839047996,0.10222914821517907,16,0.6379594853462449,0.6444718996897291,0.6410703599863926,0.640874633807496,0.6513385236673251,0.6432749523734275,0.6421847113033444,0.6420058144700693,0.6428975475805037,0.0036570082206057713,0.9968474148802018,0.9993694829760403,0.9987389659520807,0.9987389659520807,0.9769861286254728,0.9993694829760403,1.0,1.0,0.9962563051702396,0.007343624598324077,18,0.999189335254909,0.999189335254909,0.9990992613943434,0.9990992613943434,0.9997748153485858,0.999189335254909,0.9990992613943434,0.9990992613943434,0.9992174833363358,0.00021473868585344878
0.137403666973114,0.004907462510283318,0.034252434968948364,0.0059661568418482285,euclidean,3,distance,"{'knn__metric': 'euclidean', 'knn__n_neighbors': 3, 'knn__weights': 'distance'}",0.6066127468799224,0.5555029876114879,0.4997895622895623,0.5755996727100469,0.4428003653807764,0.6248946481247366,0.3333333333333333,0.6666666666666666,0.5381499978745665,0.10182390584525945,6,0.6666666666666666,0.6666666666666666,0.6666666666666666,0.6666666666666666,0.6666666666666666,0.6666666666666666,0.6666666666666666,0.6666666666666666,0.6666666666666666,0.0,0.9968474148802018,0.9996847414880202,0.9987389659520807,0.9990542244640606,0.9779319041614124,0.9993694829760403,1.0,1.0,0.996453341740227,0.007064798354049144,7,1.0,1.0,1.0,1.0,1.0,1.0,1.0,1.0,1.0,0.0
0.14030757546424866,0.0017928038393968187,0.07367068529129028,0.002002394974569029,euclidean,5,uniform,"{'knn__metric': 'euclidean', 'knn__n_neighbors': 5, 'knn__weights': 'uniform'}",0.5969014335143846,0.5555029876114879,0.4997895622895623,0.5755996727100469,0.43205128205128207,0.6248946481247366,0.3333333333333333,0.6666666666666666,0.5355924482876875,0.10236118783783353,9,0.6260816717274532,0.6288342321030637,0.6285149441775655,0.6285149441775655,0.6448071430917116,0.6321844274890721,0.6319800436837327,0.6328786349097656,0.6317245051699912,0.005403263714049315,0.9965321563682219,0.9996847414880202,0.9987389659520807,0.9990542244640606,0.9773013871374527,0.9993694829760403,1.0,1.0,0.9963351197982346,0.0072696615126943255,12,0.9989191136732121,0.9986939290217979,0.9987389659520807,0.9987389659520807,0.9996847414880202,0.9988740767429292,0.9987840028823636,0.9988290398126464,0.9989078544406413,0.0003019070365202834
0.1401415467262268,0.001678207588729212,0.03195294737815857,0.0008613688019152732,euclidean,5,distance,"{'knn__metric': 'euclidean', 'knn__n_neighbors': 5, 'knn__weights': 'distance'}",0.5969014335143846,0.5555029876114879,0.4997895622895623,0.5755996727100469,0.4374764983195822,0.6248946481247366,0.3333333333333333,0.6666666666666666,0.536270600321225,0.1016887343905914,8,0.6666666666666666,0.6666666666666666,0.6666666666666666,0.6666666666666666,0.6666666666666666,0.6666666666666666,0.6666666666666666,0.6666666666666666,0.6666666666666666,0.0,0.9965321563682219,0.9996847414880202,0.9987389659520807,0.9990542244640606,0.9776166456494325,0.9993694829760403,1.0,1.0,0.9963745271122321,0.007166499320094148,10,1.0,1.0,1.0,1.0,1.0,1.0,1.0,1.0,1.0,0.0
0.1456364095211029,0.008041236075509437,0.07922732830047607,0.004754641904244691,euclidean,7,uniform,"{'knn__metric': 'euclidean', 'knn__n_neighbors': 7, 'knn__weights': 'uniform'}",0.5638315691645999,0.333228214022916,0.4997895622895623,0.5755996727100469,0.43856837606837606,0.6248946481247366,0.3333333333333333,0.6666666666666666,0.5044890052975297,0.11851662139444903,18,0.603339789148079,0.6225928543452387,0.6175880247962269,0.6175880247962269,0.6385615649274389,0.6196091351332519,0.6214364559323342,0.6149888500639068,0.6194630873928378,0.009120540445188945,0.9952711223203027,0.9993694829760403,0.9987389659520807,0.9990542244640606,0.9779319041614124,0.9993694829760403,1.0,1.0,0.9962168978562421,0.007054679697541044,24,0.9984237074401009,0.9985137813006666,0.9984237074401009,0.9984237074401009,0.9995946676274545,0.9985137813006666,0.9984687443703837,0.9982435597189696,0.9985757070798054,0.0003932277908282323
0.14606335759162903,0.007816335806704136,0.03575301170349121,0.0007350929174230048,euclidean,7,distance,"{'knn__metric': 'euclidean', 'knn__n_neighbors': 7, 'knn__weights': 'distance'}",0.5891078618351345,0.5555029876114879,0.4997895622895623,0.5755996727100469,0.43856837606837606,0.6248946481247366,0.3333333333333333,0.6666666666666666,0.535432888579918,0.10100761347061003,10,0.6666666666666666,0.6666666666666666,0.6666666666666666,0.6666666666666666,0.6666666666666666,0.6666666666666666,0.6666666666666666,0.6666666666666666,0.6666666666666666,0.0,0.9962168978562421,0.9996847414880202,0.9987389659520807,0.9990542244640606,0.9779319041614124,0.9993694829760403,1.0,1.0,0.996374527112232,0.007063479351326621,11,1.0,1.0,1.0,1.0,1.0,1.0,1.0,1.0,1.0,0.0
0.14212444424629211,0.0017341492963399631,0.11228787899017334,0.03870077716521525,euclidean,9,uniform,"{'knn__metric': 'euclidean', 'knn__n_neighbors': 9, 'knn__weights': 'uniform'}",0.5352792006664181,0.3331756295011302,0.4997895622895623,0.5331228291758762,0.43205128205128207,0.6248946481247366,0.3333333333333333,0.6666666666666666,0.49478914397612567,0.11495987967616636,44,0.5830017483571471,0.6148893290028865,0.6119790371538909,0.6117822336568043,0.6053067672566658,0.6078853388186022,0.6101157944154116,0.6051025260318107,0.6062578468366524,0.009343254769220741,0.9943253467843631,0.9990542244640606,0.9987389659520807,0.9987389659520807,0.9773013871374527,0.9993694829760403,1.0,1.0,0.9959410466582598,0.007246553956709769,47,0.9980183750675554,0.9982885966492524,0.9982435597189696,0.9982885966492524,0.999189335254909,0.9981985227886867,0.9981534858584039,0.9979733381372725,0.9982942262655378,0.00035564741650350205
0.14991340041160583,0.003132975054405338,0.04165485501289368,0.0036100897190568435,euclidean,9,distance,"{'knn__metric': 'euclidean', 'knn__n_neighbors': 9, 'knn__weights': 'distance'}",0.5891078618351345,0.5555029876114879,0.4997895622895623,0.5331228291758762,0.4374764983195822,0.6248946481247366,0.3333333333333333,0.6666666666666666,0.5299867984195474,0.09999231913238173,13,0.6666666666666666,0.6666666666666666,0.6666666666666666,0.6666666666666666,0.6666666666666666,0.6666666666666666,0.6666666666666666,0.6666666666666666,0.6666666666666666,0.0,0.9962168978562421,0.9996847414880202,0.9987389659520807,0.9987389659520807,0.9776166456494325,0.9993694829760403,1.0,1.0,0.9962957124842371,0.007152183226160554,14,1.0,1.0,1.0,1.0,1.0,1.0,1.0,1.0,1.0,0.0
0.16202124953269958,0.018644734631939917,0.08488038182258606,0.008505139116636485,euclidean,11,uniform,"{'knn__metric': 'euclidean', 'knn__n_neighbors': 11, 'knn__weights': 'uniform'}",0.5352792006664181,0.3331756295011302,0.4997895622895623,0.5331228291758762,0.4450854700854701,0.6248946481247366,0.3333333333333333,0.6666666666666666,0.49641841748039917,0.11414868106081168,42,0.5718850952164096,0.6047099663954331,0.6002276161810438,0.5990681396413926,0.5840563868072212,0.587486524519203,0.6001886945681637,0.5940520034615308,0.5927093033487998,0.01021345867423745,0.9943253467843631,0.9990542244640606,0.9987389659520807,0.9987389659520807,0.978562421185372,0.9993694829760403,1.0,1.0,0.9960986759142496,0.006841795217599961,40,0.9977931904161412,0.9980183750675554,0.9979283012069897,0.9979283012069897,0.9989641506034949,0.9976580796252927,0.997838227346424,0.9976580796252927,0.9979733381372725,0.0003932680867540322
0.15807828307151794,0.017141199927014693,0.04114598035812378,0.002027679692998103,euclidean,11,distance,"{'knn__metric': 'euclidean', 'knn__n_neighbors': 11, 'knn__weights': 'distance'}",0.5891078618351345,0.333228214022916,0.4997895622895623,0.5331228291758762,0.43856837606837606,0.6248946481247366,0.3333333333333333,0.6666666666666666,0.5023389364395752,0.1181812769915072,19,0.6666666666666666,0.6666666666666666,0.6666666666666666,0.6666666666666666,0.6666666666666666,0.6666666666666666,0.6666666666666666,0.6666666666666666,0.6666666666666666,0.0,0.9962168978562421,0.9993694829760403,0.9987389659520807,0.9987389659520807,0.9779319041614124,0.9993694829760403,1.0,1.0,0.9962957124842371,0.007031307354883632,14,1.0,1.0,1.0,1.0,1.0,1.0,1.0,1.0,1.0,0.0
0.15683424472808838,0.003206108715117056,0.09714949131011963,0.0012602560498835586,euclidean,13,uniform,"{'knn__metric': 'euclidean', 'knn__n_neighbors': 13, 'knn__weights': 'uniform'}",0.5249204753253015,0.3331756295011302,0.4997895622895623,0.5331228291758762,0.43968038895102796,0.6248946481247366,0.3333333333333333,0.6666666666666666,0.4944479416709543,0.11406941314873313,46,0.5682507009766247,0.5950642995963773,0.5938256368669302,0.5918846943086487,0.5840563868072212,0.5817663938285492,0.5899879822634785,0.5853854758362229,0.5862776963105065,0.008142750890256628,0.9940100882723834,0.9990542244640606,0.9987389659520807,0.9987389659520807,0.9782471626733922,0.9993694829760403,1.0,1.0,0.9960198612862547,0.006953464942379255,44,0.9977481534858584,0.9977481534858584,0.9977481534858584,0.9977481534858584,0.9989641506034949,0.9975229688344442,0.997568005764727,0.9974328949738785,0.9978100792649973,0.00045145872335707277
0.16745641827583313,0.008699511587496813,0.04861319065093994,0.005753871391431406,euclidean,13,distance,"{'knn__metric': 'euclidean', 'knn__n_neighbors': 13, 'knn__weights': 'distance'}",0.58101075061096,0.333228214022916,0.4997895622895623,0.5331228291758762,0.43856837606837606,0.6248946481247366,0.3333333333333333,0.6666666666666666,0.5013267975365534,0.11746633899770577,20,0.6666666666666666,0.6666666666666666,0.6666666666666666,0.6666666666666666,0.6666666666666666,0.6666666666666666,0.6666666666666666,0.6666666666666666,0.6666666666666666,0.0,0.9959016393442623,0.9993694829760403,0.9987389659520807,0.9987389659520807,0.9779319041614124,0.9993694829760403,1.0,1.0,0.9962563051702396,0.007032521981423315,18,1.0,1.0,1.0,1.0,1.0,1.0,1.0,1.0,1.0,0.0
0.1626039445400238,0.007949235069798053,0.09981006383895874,0.011132909323625399,euclidean,15,uniform,"{'knn__metric': 'euclidean', 'knn__n_neighbors': 15, 'knn__weights': 'uniform'}",0.514093314093314,0.3331756295011302,0.4997895622895623,0.5331228291758762,0.4374764983195822,0.6248946481247366,0.3333333333333333,0.6666666666666666,0.4928190601880251,0.11389526327211447,47,0.5656906743730586,0.5873118740717796,0.5840394874587128,0.5825379312805831,0.579529623219801,0.5730147382280705,0.5766322830117371,0.5736803360066575,0.5778046184562999,0.006545189669841808,0.9936948297604036,0.9990542244640606,0.9987389659520807,0.9987389659520807,0.9776166456494325,0.9993694829760403,1.0,1.0,0.9959016393442623,0.007166499320094141,52,0.9977031165555755,0.997568005764727,0.9975229688344442,0.9975229688344442,0.9989191136732121,0.997342821113313,0.9972527472527473,0.9971626733921816,0.9976243019275806,0.0005168220778926634
0.15471601486206055,0.007178779685270644,0.04655253887176514,0.0009345903611934896,euclidean,15,distance,"{'knn__metric': 'euclidean', 'knn__n_neighbors': 15, 'knn__weights': 'distance'}",0.58101075061096,0.333228214022916,0.4997895622895623,0.5331228291758762,0.43856837606837606,0.6248946481247366,0.3333333333333333,0.6666666666666666,0.5013267975365534,0.11746633899770577,20,0.6666666666666666,0.6666666666666666,0.6666666666666666,0.6666666666666666,0.6666666666666666,0.6666666666666666,0.6666666666666666,0.6666666666666666,0.6666666666666666,0.0,0.9959016393442623,0.9993694829760403,0.9987389659520807,0.9987389659520807,0.9779319041614124,0.9993694829760403,1.0,1.0,0.9962563051702396,0.007032521981423315,18,1.0,1.0,1.0,1.0,1.0,1.0,1.0,1.0,1.0,0.0
0.15247854590415955,0.004817951945388074,0.0952049195766449,0.005392581427191857,euclidean,17,uniform,"{'knn__metric': 'euclidean', 'knn__n_neighbors': 17, 'knn__weights': 'uniform'}",0.5249204753253015,0.3331756295011302,0.4997895622895623,0.5331228291758762,0.43856837606837606,0.6248946481247366,0.3333333333333333,0.5555029876114879,0.4804134801787255,0.09792241167782466,52,0.5524236256737397,0.5733602510566467,0.5716329202229052,0.5698400965860843,0.5701748140125323,0.5594441779223498,0.5641825708327103,0.5612154817139129,0.5652842422526101,0.006777457427283753,0.9940100882723834,0.9990542244640606,0.9987389659520807,0.9987389659520807,0.9779319041614124,0.9993694829760403,1.0,0.9996847414880202,0.9959410466582598,0.007032521981423321,47,0.9974779319041615,0.9972527472527473,0.9972527472527473,0.9972527472527473,0.9988290398126464,0.997072599531616,0.9969825256710503,0.9969374887407674,0.9973822284273104,0.0005707609174509048
0.19163727760314941,0.02047860404232322,0.056250959634780884,0.008121654742154386,euclidean,17,distance,"{'knn__metric': 'euclidean', 'knn__n_neighbors': 17, 'knn__weights': 'distance'}",0.5725918864527063,0.333228214022916,0.4997895622895623,0.5331228291758762,0.43856837606837606,0.6248946481247366,0.3333333333333333,0.6666666666666666,0.5002744395167718,0.11678347873395878,24,0.6666666666666666,0.6666666666666666,0.6666666666666666,0.6666666666666666,0.6666666666666666,0.6666666666666666,0.6666666666666666,0.6666666666666666,0.6666666666666666,0.0,0.9955863808322825,0.9993694829760403,0.9987389659520807,0.9987389659520807,0.9779319041614124,0.9993694829760403,1.0,1.0,0.996216897856242,0.007035281716400169,26,1.0,1.0,1.0,1.0,1.0,1.0,1.0,1.0,1.0,0.0
0.16473451256752014,0.0036047221905131667,0.12339973449707031,0.03838362055561047,euclidean,19,uniform,"{'knn__metric': 'euclidean', 'knn__n_neighbors': 19, 'knn__weights': 'uniform'}",0.5249204753253015,0.3331756295011302,0.4997895622895623,0.5331228291758762,0.43968038895102796,0.6248946481247366,0.3333333333333333,0.5555029876114879,0.48055248178905696,0.0978636852219629,51,0.5412146688362562,0.5674184925934865,0.5655550375656523,0.5645966886385004,0.5701748140125323,0.561608892342869,0.5641825708327103,0.5601554152879376,0.561863322513743,0.008334929132927734,0.9940100882723834,0.9990542244640606,0.9987389659520807,0.9987389659520807,0.9782471626733922,0.9993694829760403,1.0,0.9996847414880202,0.9959804539722572,0.006931655798406372,45,0.9972977841830301,0.9971176364618988,0.9971176364618988,0.9971176364618988,0.9988290398126464,0.9971176364618988,0.9969825256710503,0.9968924518104846,0.9973090434156008,0.000584938533951562
0.1988721787929535,0.03048201104422643,0.07072147727012634,0.011077421696244462,euclidean,19,distance,"{'knn__metric': 'euclidean', 'knn__n_neighbors': 19, 'knn__weights': 'distance'}",0.5638315691645999,0.3331756295011302,0.4997895622895623,0.5331228291758762,0.43968038895102796,0.6248946481247366,0.3333333333333333,0.6666666666666666,0.4993118284008666,0.11607696877108163,31,0.6666666666666666,0.6666666666666666,0.6666666666666666,0.6666666666666666,0.6666666666666666,0.6666666666666666,0.6666666666666666,0.6666666666666666,0.6666666666666666,0.0,0.9952711223203027,0.9990542244640606,0.9987389659520807,0.9987389659520807,0.9782471626733922,0.9993694829760403,1.0,1.0,0.9961774905422447,0.006920332761618806,31,1.0,1.0,1.0,1.0,1.0,1.0,1.0,1.0,1.0,0.0
0.19950056076049805,0.042502353911753214,0.12081411480903625,0.02884582490358944,euclidean,21,uniform,"{'knn__metric': 'euclidean', 'knn__n_neighbors': 21, 'knn__weights': 'uniform'}",0.5352792006664181,0.3331756295011302,0.4997895622895623,0.5331228291758762,0.43968038895102796,0.6248946481247366,0.3333333333333333,0.6666666666666666,0.49574278233859387,0.11446607119239183,43,0.5412146688362562,0.559235560746839,0.5593033219735896,0.5539512180407871,0.5603954709550377,0.5528206056219086,0.5601554152879376,0.5539740738124753,0.5551312919093538,0.00600986326001021,0.9943253467843631,0.9990542244640606,0.9987389659520807,0.9987389659520807,0.9782471626733922,0.9993694829760403,1.0,1.0,0.9960592686002522,0.0069428485326435176,43,0.9972977841830301,0.9969374887407674,0.9969825256710503,0.9968924518104846,0.9987389659520807,0.9969374887407674,0.9968924518104846,0.9967573410196361,0.9971795622410375,0.0006067201258640961
0.1758379340171814,0.01011196638231973,0.06421789526939392,0.0032510653193452183,euclidean,21,distance,"{'knn__metric': 'euclidean', 'knn__n_neighbors': 21, 'knn__weights': 'distance'}",0.5638315691645999,0.3331756295011302,0.4997895622895623,0.5331228291758762,0.44393255939978166,0.6248946481247366,0.3333333333333333,0.6666666666666666,0.4998433497069608,0.11581213028959088,26,0.6666666666666666,0.6666666666666666,0.6666666666666666,0.6666666666666666,0.6666666666666666,0.6666666666666666,0.6666666666666666,0.6666666666666666,0.6666666666666666,0.0,0.9952711223203027,0.9990542244640606,0.9987389659520807,0.9987389659520807,0.9782471626733922,0.9993694829760403,1.0,1.0,0.9961774905422447,0.006920332761618806,31,1.0,1.0,1.0,1.0,1.0,1.0,1.0,1.0,1.0,0.0
0.18247702717781067,0.0209632896832955,0.11043554544448853,0.0069830838579797916,euclidean,23,uniform,"{'knn__metric': 'euclidean', 'knn__n_neighbors': 23, 'knn__weights': 'uniform'}",0.5352792006664181,0.3331756295011302,0.4997895622895623,0.4812183928206027,0.42855232183477837,0.6248946481247366,0.3333333333333333,0.6666666666666666,0.48786371940465356,0.11429592654143633,48,0.5383245463434889,0.5539668883761527,0.5603996983408748,0.5561450244225247,0.5603954709550377,0.5505685211629715,0.5539740738124753,0.5519109653945522,0.5532106486010098,0.006551101441660817,0.9943253467843631,0.9990542244640606,0.9987389659520807,0.9984237074401009,0.9776166456494325,0.9993694829760403,1.0,1.0,0.9959410466582598,0.007130764084616931,47,0.9972527472527473,0.9968023779499189,0.9970275626013331,0.9969825256710503,0.9987389659520807,0.9968924518104846,0.9967573410196361,0.9966672671590704,0.9971401549270402,0.0006276959045562202
0.16989153623580933,0.010162244113125636,0.06352511048316956,0.00677459522786054,euclidean,23,distance,"{'knn__metric': 'euclidean', 'knn__n_neighbors': 23, 'knn__weights': 'distance'}",0.5638315691645999,0.3331756295011302,0.4997895622895623,0.5331228291758762,0.43968038895102796,0.6248946481247366,0.3333333333333333,0.6666666666666666,0.4993118284008666,0.11607696877108163,31,0.6666666666666666,0.6666666666666666,0.6666666666666666,0.6666666666666666,0.6666666666666666,0.6666666666666666,0.6666666666666666,0.6666666666666666,0.6666666666666666,0.0,0.9952711223203027,0.9990542244640606,0.9987389659520807,0.9987389659520807,0.9782471626733922,0.9993694829760403,1.0,1.0,0.9961774905422447,0.006920332761618806,31,1.0,1.0,1.0,1.0,1.0,1.0,1.0,1.0,1.0,0.0
0.15747734904289246,0.004231635670176025,0.11297658085823059,0.015411786785597377,euclidean,25,uniform,"{'knn__metric': 'euclidean', 'knn__n_neighbors': 25, 'knn__weights': 'uniform'}",0.5352792006664181,0.3331756295011302,0.4997895622895623,0.4812183928206027,0.4295964125560538,0.5998419971559489,0.3333333333333333,0.6666666666666666,0.4848626493737145,0.11072224011520523,49,0.5294324424759207,0.5550276281983599,0.5603996983408748,0.5550427814476316,0.555337449766727,0.5436748480266077,0.5539740738124753,0.55084372401097,0.5504665807599459,0.009118280454978516,0.9943253467843631,0.9990542244640606,0.9987389659520807,0.9984237074401009,0.9779319041614124,0.9990542244640606,1.0,1.0,0.9959410466582598,0.00701129101029725,47,0.9971176364618988,0.9968474148802018,0.9970275626013331,0.9969374887407674,0.9986939290217979,0.9967573410196361,0.9967573410196361,0.9966672671590704,0.9971007476130427,0.0006183102673849628
0.15856480598449707,0.0055670236466819805,0.06034451723098755,0.0031205274865385604,euclidean,25,distance,"{'knn__metric': 'euclidean', 'knn__n_neighbors': 25, 'knn__weights': 'distance'}",0.5638315691645999,0.3331756295011302,0.4997895622895623,0.5331228291758762,0.44081312969489833,0.6248946481247366,0.3333333333333333,0.6666666666666666,0.4994534209938504,0.11600481144353132,28,0.6666666666666666,0.6666666666666666,0.6666666666666666,0.6666666666666666,0.6666666666666666,0.6666666666666666,0.6666666666666666,0.6666666666666666,0.6666666666666666,0.0,0.9952711223203027,0.9990542244640606,0.9987389659520807,0.9987389659520807,0.978562421185372,0.9993694829760403,1.0,1.0,0.9962168978562421,0.006818262532749751,24,1.0,1.0,1.0,1.0,1.0,1.0,1.0,1.0,1.0,0.0
0.16367194056510925,0.010938166127596469,0.08594733476638794,0.016181607570284827,manhattan,1,uniform,"{'knn__metric': 'manhattan', 'knn__n_neighbors': 1, 'knn__weights': 'uniform'}",0.6390789962332218,0.5555029876114879,0.4997895622895623,0.6409729900489655,0.4644149015741756,0.6248946481247366,0.3333333333333333,0.6666666666666666,0.5530817607352687,0.10734064838639858,3,0.6666666666666666,0.6666666666666666,0.6666666666666666,0.6666666666666666,0.6666666666666666,0.6666666666666666,0.6666666666666666,0.6666666666666666,0.6666666666666666,0.0,0.9984237074401009,0.9996847414880202,0.9987389659520807,0.9996847414880202,0.9795081967213115,0.9993694829760403,1.0,1.0,0.9969262295081968,0.0066049291631599255,3,1.0,1.0,1.0,1.0,1.0,1.0,1.0,1.0,1.0,0.0
0.1885284185409546,0.014236501772322427,0.035521477460861206,0.003887074957856256,manhattan,1,distance,"{'knn__metric': 'manhattan', 'knn__n_neighbors': 1, 'knn__weights': 'distance'}",0.6390789962332218,0.5555029876114879,0.4997895622895623,0.6409729900489655,0.4644149015741756,0.6248946481247366,0.3333333333333333,0.6666666666666666,0.5530817607352687,0.10734064838639858,3,0.6666666666666666,0.6666666666666666,0.6666666666666666,0.6666666666666666,0.6666666666666666,0.6666666666666666,0.6666666666666666,0.6666666666666666,0.6666666666666666,0.0,0.9984237074401009,0.9996847414880202,0.9987389659520807,0.9996847414880202,0.9795081967213115,0.9993694829760403,1.0,1.0,0.9969262295081968,0.0066049291631599255,3,1.0,1.0,1.0,1.0,1.0,1.0,1.0,1.0,1.0,0.0
0.18731778860092163,0.010932149216511044,0.09801900386810303,0.003777112547937147,manhattan,3,uniform,"{'knn__metric': 'manhattan', 'knn__n_neighbors': 3, 'knn__weights': 'uniform'}",0.6066127468799224,0.333228214022916,0.4997895622895623,0.4812183928206027,0.4374764983195822,0.6248946481247366,0.3333333333333333,0.6666666666666666,0.4979025078071653,0.11966626540492019,36,0.6394252209982739,0.645628069439722,0.64362999065442,0.6434538370934131,0.6513385236673251,0.6470981660303202,0.645781251966819,0.6433241443550722,0.6449599005256706,0.003235068459234561,0.9968474148802018,0.9993694829760403,0.9987389659520807,0.9984237074401009,0.9776166456494325,0.9993694829760403,1.0,1.0,0.9962957124842371,0.00712433668372498,14,0.9992343721851918,0.9992343721851918,0.999189335254909,0.999189335254909,0.9997748153485858,0.9993244460457575,0.9992343721851918,0.9991442983246261,0.9992906683480454,0.00018940960909363358
0.19253569841384888,0.013031723904428144,0.04783695936203003,0.008614348519768961,manhattan,3,distance,"{'knn__metric': 'manhattan', 'knn__n_neighbors': 3, 'knn__weights': 'distance'}",0.613557912596028,0.333228214022916,0.4997895622895623,0.5331228291758762,0.44919654541751614,0.6248946481247366,0.3333333333333333,0.6666666666666666,0.5067237139533294,0.1199890345283997,17,0.6666666666666666,0.6666666666666666,0.6666666666666666,0.6666666666666666,0.6666666666666666,0.6666666666666666,0.6666666666666666,0.6666666666666666,0.6666666666666666,0.0,0.9971626733921816,0.9993694829760403,0.9987389659520807,0.9987389659520807,0.978562421185372,0.9993694829760403,1.0,1.0,0.9964927490542245,0.006829982167937051,6,1.0,1.0,1.0,1.0,1.0,1.0,1.0,1.0,1.0,0.0
0.18217125535011292,0.009831574387954902,0.09870585799217224,0.006172885738288609,manhattan,5,uniform,"{'knn__metric': 'manhattan', 'knn__n_neighbors': 5, 'knn__weights': 'uniform'}",0.604408329898526,0.5555029876114879,0.4997895622895623,0.5755996727100469,0.43856837606837606,0.6248946481247366,0.3333333333333333,0.6666666666666666,0.537345447087842,0.1021442910439712,7,0.6237431424141215,0.6317137767906754,0.6285149441775655,0.6297281822857531,0.6448071430917116,0.6303593350640987,0.6302795555438502,0.6328786349097656,0.6315030892846927,0.005635109279044813,0.9968474148802018,0.9996847414880202,0.9987389659520807,0.9990542244640606,0.9779319041614124,0.9993694829760403,1.0,1.0,0.996453341740227,0.007064798354049144,7,0.9988740767429292,0.9987840028823636,0.9987389659520807,0.9987840028823636,0.9996847414880202,0.9988290398126464,0.9987389659520807,0.9988290398126464,0.9989078544406413,0.00029682548924664083
0.17281505465507507,0.004739952499457569,0.0435013473033905,0.004556494406103053,manhattan,5,distance,"{'knn__metric': 'manhattan', 'knn__n_neighbors': 5, 'knn__weights': 'distance'}",0.6116441887470668,0.5555029876114879,0.4997895622895623,0.5755996727100469,0.4450854700854701,0.6248946481247366,0.3333333333333333,0.6666666666666666,0.5390645661960463,0.10199379450332792,5,0.6666666666666666,0.6666666666666666,0.6666666666666666,0.6666666666666666,0.6666666666666666,0.6666666666666666,0.6666666666666666,0.6666666666666666,0.6666666666666666,0.0,0.9971626733921816,0.9996847414880202,0.9987389659520807,0.9990542244640606,0.978562421185372,0.9993694829760403,1.0,1.0,0.9965715636822194,0.006860834870056636,5,1.0,1.0,1.0,1.0,1.0,1.0,1.0,1.0,1.0,0.0
0.17431333661079407,0.01428715656189733,0.09839457273483276,0.011446260940067617,manhattan,7,uniform,"{'knn__metric': 'manhattan', 'knn__n_neighbors': 7, 'knn__weights': 'uniform'}",0.5725918864527063,0.5555029876114879,0.4997895622895623,0.5331228291758762,0.43856837606837606,0.6248946481247366,0.3333333333333333,0.6666666666666666,0.5280587862153432,0.09879083898748847,15,0.6054784843302018,0.6255894278285755,0.6175880247962269,0.6183874950054,0.6345401468640905,0.616331034795443,0.6195483868640318,0.6195483868640318,0.6196264234185003,0.007703104302755519,0.9955863808322825,0.9996847414880202,0.9987389659520807,0.9987389659520807,0.9779319041614124,0.9993694829760403,1.0,1.0,0.9962563051702396,0.00705368904952078,18,0.9984687443703837,0.9986038551612322,0.9984237074401009,0.9984687443703837,0.9995496306971717,0.9984237074401009,0.9984237074401009,0.9984237074401009,0.9985982255449468,0.0003641017167406965
0.2119157612323761,0.02960122695242589,0.0544414222240448,0.004078867969898865,manhattan,7,distance,"{'knn__metric': 'manhattan', 'knn__n_neighbors': 7, 'knn__weights': 'distance'}",0.5969014335143846,0.5555029876114879,0.4997895622895623,0.5331228291758762,0.43968038895102796,0.6248946481247366,0.3333333333333333,0.6666666666666666,0.5312364812083844,0.10034601240469802,12,0.6666666666666666,0.6666666666666666,0.6666666666666666,0.6666666666666666,0.6666666666666666,0.6666666666666666,0.6666666666666666,0.6666666666666666,0.6666666666666666,0.0,0.9965321563682219,0.9996847414880202,0.9987389659520807,0.9987389659520807,0.9782471626733922,0.9993694829760403,1.0,1.0,0.9964139344262295,0.006946314618236178,9,1.0,1.0,1.0,1.0,1.0,1.0,1.0,1.0,1.0,0.0
0.1701706051826477,0.027043634856543,0.09276676177978516,0.006690321204029954,manhattan,9,uniform,"{'knn__metric': 'manhattan', 'knn__n_neighbors': 9, 'knn__weights': 'uniform'}",0.5451993913571362,0.3331756295011302,0.4997895622895623,0.5331228291758762,0.4218448755014858,0.6248946481247366,0.3333333333333333,0.6666666666666666,0.4947533669937409,0.11619636212891984,45,0.5945495241546616,0.616047262144674,0.6131586073415103,0.6071942459202798,0.6160487722698561,0.6061517530625337,0.607357215281204,0.6039888368631433,0.6080620271297329,0.0066858504751870955,0.994640605296343,0.9990542244640606,0.9987389659520807,0.9987389659520807,0.9769861286254728,0.9993694829760403,1.0,1.0,0.9959410466582598,0.007340240341870463,47,0.9982435597189696,0.9983336335795352,0.9982885966492524,0.9981534858584039,0.9993244460457575,0.9981534858584039,0.9980634119978382,0.9979283012069897,0.9983111151143939,0.00040156175689351606
0.19709444046020508,0.035286547600587644,0.06230539083480835,0.02084541411700385,manhattan,9,distance,"{'knn__metric': 'manhattan', 'knn__n_neighbors': 9, 'knn__weights': 'distance'}",0.5891078618351345,0.5555029876114879,0.4997895622895623,0.5331228291758762,0.43310107655347324,0.6248946481247366,0.3333333333333333,0.6666666666666666,0.5294398706987838,0.10050746584287118,14,0.6666666666666666,0.6666666666666666,0.6666666666666666,0.6666666666666666,0.6666666666666666,0.6666666666666666,0.6666666666666666,0.6666666666666666,0.6666666666666666,0.0,0.9962168978562421,0.9996847414880202,0.9987389659520807,0.9987389659520807,0.9776166456494325,0.9993694829760403,1.0,1.0,0.9962957124842371,0.007152183226160554,14,1.0,1.0,1.0,1.0,1.0,1.0,1.0,1.0,1.0,0.0
0.15944191813468933,0.004003722688638985,0.0960690975189209,0.0022575174471567085,manhattan,11,uniform,"{'knn__metric': 'manhattan', 'knn__n_neighbors': 11, 'knn__weights': 'uniform'}",0.5451993913571362,0.3331756295011302,0.4997895622895623,0.5755996727100469,0.4295964125560538,0.6248946481247366,0.3333333333333333,0.6666666666666666,0.5010319145673332,0.11815830768435012,22,0.5806132676207055,0.6108092334319467,0.6060049249189241,0.6014379512792954,0.5998570773061329,0.5954222184947485,0.6002079057222346,0.5973798733416203,0.5989665565144511,0.008292711425516894,0.994640605296343,0.9990542244640606,0.9987389659520807,0.9990542244640606,0.9779319041614124,0.9993694829760403,1.0,1.0,0.9960986759142496,0.0070510466410181605,40,0.9979733381372725,0.9981985227886867,0.998108448928121,0.9980183750675554,0.9991442983246261,0.9978832642767069,0.9978832642767069,0.9977931904161412,0.9981253377769772,0.0004040401924427435
0.17201101779937744,0.014960132950242278,0.053717970848083496,0.003525501259068204,manhattan,11,distance,"{'knn__metric': 'manhattan', 'knn__n_neighbors': 11, 'knn__weights': 'distance'}",0.58101075061096,0.5555029876114879,0.4997895622895623,0.5755996727100469,0.43417037860749347,0.6248946481247366,0.3333333333333333,0.6666666666666666,0.5338709999942859,0.10103742422970255,11,0.6666666666666666,0.6666666666666666,0.6666666666666666,0.6666666666666666,0.6666666666666666,0.6666666666666666,0.6666666666666666,0.6666666666666666,0.6666666666666666,0.0,0.9959016393442623,0.9996847414880202,0.9987389659520807,0.9990542244640606,0.9779319041614124,0.9993694829760403,1.0,1.0,0.9963351197982345,0.0070651280662536444,13,1.0,1.0,1.0,1.0,1.0,1.0,1.0,1.0,1.0,0.0
0.16634851694107056,0.007212685378598323,0.10420751571655273,0.004606984650905091,manhattan,13,uniform,"{'knn__metric': 'manhattan', 'knn__n_neighbors': 13, 'knn__weights': 'uniform'}",0.5451993913571362,0.333228214022916,0.4997895622895623,0.5331228291758762,0.44081312969489833,0.6248946481247366,0.3333333333333333,0.6666666666666666,0.4971309718331407,0.11486102656851153,37,0.5757537307858079,0.6013477873602472,0.5978986571534296,0.5966824511857669,0.5912398894036947,0.5891290306719946,0.5967933622685658,0.5939413906604801,0.5928482874362484,0.007398063236182974,0.994640605296343,0.9993694829760403,0.9987389659520807,0.9987389659520807,0.978562421185372,0.9993694829760403,1.0,1.0,0.9961774905422447,0.006849961548806047,31,0.9978832642767069,0.9979283012069897,0.9978832642767069,0.9978832642767069,0.9990542244640606,0.9977481534858584,0.9977931904161412,0.9977031165555755,0.9979845973698432,0.0004107691485082662
0.1645934283733368,0.004686122217538169,0.05706694722175598,0.003940826686230632,manhattan,13,distance,"{'knn__metric': 'manhattan', 'knn__n_neighbors': 13, 'knn__weights': 'distance'}",0.58101075061096,0.333228214022916,0.4997895622895623,0.5331228291758762,0.43417037860749347,0.6248946481247366,0.3333333333333333,0.6666666666666666,0.5007770478539431,0.11776866822328065,23,0.6666666666666666,0.6666666666666666,0.6666666666666666,0.6666666666666666,0.6666666666666666,0.6666666666666666,0.6666666666666666,0.6666666666666666,0.6666666666666666,0.0,0.9959016393442623,0.9993694829760403,0.9987389659520807,0.9987389659520807,0.9779319041614124,0.9993694829760403,1.0,1.0,0.9962563051702396,0.007032521981423315,18,1.0,1.0,1.0,1.0,1.0,1.0,1.0,1.0,1.0,0.0
0.1647167205810547,0.007611868908087213,0.10728451609611511,0.004701787336621769,manhattan,15,uniform,"{'knn__metric': 'manhattan', 'knn__n_neighbors': 15, 'knn__weights': 'uniform'}",0.5451993913571362,0.333228214022916,0.4997895622895623,0.5331228291758762,0.435259768168071,0.6248946481247366,0.3333333333333333,0.6666666666666666,0.49643680164228726,0.11521552354001831,40,0.5578260785105069,0.5902509404641829,0.587486524519203,0.5855971580218952,0.5775972642166964,0.5773554358920213,0.5843728076793765,0.5832671657676345,0.5804691718839396,0.00951933887927148,0.994640605296343,0.9993694829760403,0.9987389659520807,0.9987389659520807,0.9782471626733922,0.9993694829760403,1.0,1.0,0.9961380832282472,0.0069513429575416485,37,0.997568005764727,0.9976580796252927,0.9976580796252927,0.9976130426950099,0.9989191136732121,0.9974779319041615,0.9974779319041615,0.9974328949738785,0.997725635020717,0.0004581829839077685
0.17778819799423218,0.02174709092327239,0.061642736196517944,0.002915751113123167,manhattan,15,distance,"{'knn__metric': 'manhattan', 'knn__n_neighbors': 15, 'knn__weights': 'distance'}",0.5725918864527063,0.333228214022916,0.4997895622895623,0.5331228291758762,0.43417037860749347,0.6248946481247366,0.3333333333333333,0.6666666666666666,0.49972468983416135,0.11708263003448244,27,0.6666666666666666,0.6666666666666666,0.6666666666666666,0.6666666666666666,0.6666666666666666,0.6666666666666666,0.6666666666666666,0.6666666666666666,0.6666666666666666,0.0,0.9955863808322825,0.9993694829760403,0.9987389659520807,0.9987389659520807,0.9779319041614124,0.9993694829760403,1.0,1.0,0.996216897856242,0.007035281716400169,26,1.0,1.0,1.0,1.0,1.0,1.0,1.0,1.0,1.0,0.0
0.18160191178321838,0.020818283392877078,0.11405870318412781,0.002594179602605801,manhattan,17,uniform,"{'knn__metric': 'manhattan', 'knn__n_neighbors': 17, 'knn__weights': 'uniform'}",0.5547084568685585,0.333228214022916,0.4997895622895623,0.5331228291758762,0.42855232183477837,0.6248946481247366,0.3333333333333333,0.6666666666666666,0.4967870040395535,0.11623221509342468,39,0.5551411773865044,0.5810348627602419,0.5806173370066566,0.5738899007298179,0.579529623219801,0.5691268198117819,0.5750256133632997,0.5720209886648288,0.5732982903678665,0.007939612481133609,0.9949558638083228,0.9993694829760403,0.9987389659520807,0.9987389659520807,0.9776166456494325,0.9993694829760403,1.0,1.0,0.9960986759142497,0.007147296185462726,39,0.9975229688344442,0.9974328949738785,0.9974779319041615,0.997342821113313,0.9989191136732121,0.9972977841830301,0.9972527472527473,0.9971626733921816,0.9975511169158711,0.0005290341857989745
0.20181947946548462,0.042686483089310216,0.07891795039176941,0.016850898266387252,manhattan,17,distance,"{'knn__metric': 'manhattan', 'knn__n_neighbors': 17, 'knn__weights': 'distance'}",0.5725918864527063,0.333228214022916,0.4997895622895623,0.5331228291758762,0.4275276275200885,0.6248946481247366,0.3333333333333333,0.6666666666666666,0.49889434594823573,0.1175671459023311,33,0.6666666666666666,0.6666666666666666,0.6666666666666666,0.6666666666666666,0.6666666666666666,0.6666666666666666,0.6666666666666666,0.6666666666666666,0.6666666666666666,0.0,0.9955863808322825,0.9993694829760403,0.9987389659520807,0.9987389659520807,0.9773013871374527,0.9993694829760403,1.0,1.0,0.9961380832282472,0.007240229347203907,37,1.0,1.0,1.0,1.0,1.0,1.0,1.0,1.0,1.0,0.0
0.210453599691391,0.026722318032853486,0.12684404850006104,0.006674471816133557,manhattan,19,uniform,"{'knn__metric': 'manhattan', 'knn__n_neighbors': 19, 'knn__weights': 'uniform'}",0.5451993913571362,0.333228214022916,0.4997895622895623,0.5331228291758762,0.44081312969489833,0.6248946481247366,0.3333333333333333,0.6666666666666666,0.4971309718331407,0.11486102656851153,37,0.5468881518945052,0.5742004679754537,0.5755918285312316,0.5677863754518807,0.5728456771484707,0.5648919477904877,0.5692141840236346,0.5681371106842267,0.5674444679374864,0.008470552817014724,0.994640605296343,0.9993694829760403,0.9987389659520807,0.9987389659520807,0.978562421185372,0.9993694829760403,1.0,1.0,0.9961774905422447,0.006849961548806047,31,0.9973878580435958,0.9972527472527473,0.997342821113313,0.9972077103224645,0.9988740767429292,0.9972077103224645,0.9971176364618988,0.997072599531616,0.9974328949738787,0.0005534230646479898
0.24112051725387573,0.04791263832206963,0.09086650609970093,0.019598762056780232,manhattan,19,distance,"{'knn__metric': 'manhattan', 'knn__n_neighbors': 19, 'knn__weights': 'distance'}",0.5638315691645999,0.333228214022916,0.4997895622895623,0.5331228291758762,0.43968038895102796,0.6248946481247366,0.3333333333333333,0.6666666666666666,0.4993184014660898,0.1160675619343163,29,0.6666666666666666,0.6666666666666666,0.6666666666666666,0.6666666666666666,0.6666666666666666,0.6666666666666666,0.6666666666666666,0.6666666666666666,0.6666666666666666,0.0,0.9952711223203027,0.9993694829760403,0.9987389659520807,0.9987389659520807,0.9782471626733922,0.9993694829760403,1.0,1.0,0.996216897856242,0.006937478273854152,26,1.0,1.0,1.0,1.0,1.0,1.0,1.0,1.0,1.0,0.0
0.23391753435134888,0.047913231348668144,0.2411154806613922,0.1295803440367438,manhattan,21,uniform,"{'knn__metric': 'manhattan', 'knn__n_neighbors': 21, 'knn__weights': 'uniform'}",0.5451993913571362,0.3331756295011302,0.4997895622895623,0.5331228291758762,0.435259768168071,0.6248946481247366,0.3333333333333333,0.6666666666666666,0.49643022857706404,0.11522483555388413,41,0.5468881518945052,0.5643169871536996,0.5727561726215072,0.5615065943998104,0.5728456771484707,0.5605735165200907,0.5641825708327103,0.5601554152879376,0.5629031357323415,0.007672837839602965,0.994640605296343,0.9990542244640606,0.9987389659520807,0.9987389659520807,0.9782471626733922,0.9993694829760403,1.0,1.0,0.9960986759142496,0.0069337838082185735,40,0.9973878580435958,0.9970275626013331,0.9972977841830301,0.997072599531616,0.9988740767429292,0.9971176364618988,0.9969825256710503,0.9968924518104846,0.9973315618807421,0.000602447857218133
0.21280145645141602,0.01708722630777773,0.10376271605491638,0.03533570582541581,manhattan,21,distance,"{'knn__metric': 'manhattan', 'knn__n_neighbors': 21, 'knn__weights': 'distance'}",0.5638315691645999,0.333228214022916,0.4997895622895623,0.5331228291758762,0.43968038895102796,0.6248946481247366,0.3333333333333333,0.6666666666666666,0.4993184014660898,0.1160675619343163,29,0.6666666666666666,0.6666666666666666,0.6666666666666666,0.6666666666666666,0.6666666666666666,0.6666666666666666,0.6666666666666666,0.6666666666666666,0.6666666666666666,0.0,0.9952711223203027,0.9993694829760403,0.9987389659520807,0.9987389659520807,0.9782471626733922,0.9993694829760403,1.0,1.0,0.996216897856242,0.006937478273854152,26,1.0,1.0,1.0,1.0,1.0,1.0,1.0,1.0,1.0,0.0
0.2230602204799652,0.028476447072062934,0.16941744089126587,0.02869546902801685,manhattan,23,uniform,"{'knn__metric': 'manhattan', 'knn__n_neighbors': 23, 'knn__weights': 'uniform'}",0.5547084568685585,0.3331756295011302,0.4997895622895623,0.5331228291758762,0.44081312969489833,0.6248946481247366,0.3333333333333333,0.6666666666666666,0.4983130319568453,0.11540965046020231,35,0.5383245463434889,0.5560758223374322,0.5657130738955644,0.5572183324937111,0.5728456771484707,0.5516758476722287,0.5560536175272067,0.5560536175272067,0.5567450668681637,0.009396112454591885,0.9949558638083228,0.9990542244640606,0.9987389659520807,0.9987389659520807,0.978562421185372,0.9993694829760403,1.0,1.0,0.9961774905422447,0.006824523094495786,31,0.9972527472527473,0.9968474148802018,0.9971626733921816,0.9969825256710503,0.9988740767429292,0.9969374887407674,0.9968023779499189,0.9968023779499189,0.9972077103224644,0.0006483597572008592
0.23092743754386902,0.012742142404564765,0.1095048189163208,0.025378584024063313,manhattan,23,distance,"{'knn__metric': 'manhattan', 'knn__n_neighbors': 23, 'knn__weights': 'distance'}",0.5725918864527063,0.333228214022916,0.4997895622895623,0.5331228291758762,0.435259768168071,0.6248946481247366,0.3333333333333333,0.6666666666666666,0.49986086352923353,0.11700691651839562,25,0.6666666666666666,0.6666666666666666,0.6666666666666666,0.6666666666666666,0.6666666666666666,0.6666666666666666,0.6666666666666666,0.6666666666666666,0.6666666666666666,0.0,0.9955863808322825,0.9993694829760403,0.9987389659520807,0.9987389659520807,0.9782471626733922,0.9993694829760403,1.0,1.0,0.9962563051702396,0.00693288788369912,18,1.0,1.0,1.0,1.0,1.0,1.0,1.0,1.0,1.0,0.0
0.21959123015403748,0.005547018252563186,0.18450674414634705,0.02692189915786559,manhattan,25,uniform,"{'knn__metric': 'manhattan', 'knn__n_neighbors': 25, 'knn__weights': 'uniform'}",0.514093314093314,0.3331756295011302,0.42830842294310817,0.5331228291758762,0.44081312969489833,0.6248946481247366,0.3333333333333333,0.6666666666666666,0.48430099669163296,0.11562408961331154,50,0.5353979355884526,0.5602347734154859,0.5615065943998104,0.5539426946359297,0.5728456771484707,0.5470912874332761,0.5550200500307979,0.5560536175272067,0.5552615787724288,0.010226659393692925,0.9936948297604036,0.9990542244640606,0.9984237074401009,0.9987389659520807,0.978562421185372,0.9993694829760403,1.0,1.0,0.9959804539722572,0.006850528293650342,45,0.9972077103224645,0.9969374887407674,0.997072599531616,0.9969374887407674,0.9988740767429292,0.9968474148802018,0.9968023779499189,0.9968023779499189,0.9971851918573229,0.0006514806404922255
0.24249312281608582,0.022687580535028357,0.11094439029693604,0.012662705726258886,manhattan,25,distance,"{'knn__metric': 'manhattan', 'knn__n_neighbors': 25, 'knn__weights': 'distance'}",0.5638315691645999,0.333228214022916,0.4997895622895623,0.5331228291758762,0.435259768168071,0.6248946481247366,0.3333333333333333,0.6666666666666666,0.4987658238682202,0.11636032651545201,34,0.6666666666666666,0.6666666666666666,0.6666666666666666,0.6666666666666666,0.6666666666666666,0.6666666666666666,0.6666666666666666,0.6666666666666666,0.6666666666666666,0.0,0.9952711223203027,0.9993694829760403,0.9987389659520807,0.9987389659520807,0.9782471626733922,0.9993694829760403,1.0,1.0,0.996216897856242,0.006937478273854152,26,1.0,1.0,1.0,1.0,1.0,1.0,1.0,1.0,1.0,0.0
