,,,macro_f1,macro_f1,severe_recall,severe_recall
,,,mean,std,mean,std
k,sigma,comparison,,,,
1,0.5,Original labels,0.5228781150915542,0.029715920640278188,,
1,0.5,Recomputed rules,0.5624815017972822,0.021286209846767906,0.0,0.0
1,0.5,Rules vs original,0.4978343679659124,0.024513227656837156,,
1,1.0,Original labels,0.44964286602393394,0.020900658105124786,,
1,1.0,Recomputed rules,0.5092234977398495,0.02856661593163489,0.0,0.0
1,1.0,Rules vs original,0.4033873350421204,0.016272926627822322,,
1,2.0,Original labels,0.37767619749109244,0.009429412168302263,,
1,2.0,Recomputed rules,0.4452180152779954,0.01555584456929403,0.0,0.0
1,2.0,Rules vs original,0.3419556337475864,0.008268871927746767,,
3,0.5,Original labels,0.5009864123341614,0.030169450371462708,,
3,0.5,Recomputed rules,0.5586341955234304,0.011908662388239791,0.0,0.0
3,0.5,Rules vs original,0.4978343679659124,0.024513227656837156,,
3,1.0,Original labels,0.450814690950773,0.011539011477497077,,
3,1.0,Recomputed rules,0.5032849939484982,0.026864220798269365,0.0,0.0
3,1.0,Rules vs original,0.4033873350421204,0.016272926627822322,,
3,2.0,Original labels,0.3770145463909016,0.011542426603605774,,
3,2.0,Recomputed rules,0.4424370480073942,0.01206106878159226,0.0,0.0
3,2.0,Rules vs original,0.3419556337475864,0.008268871927746767,,
5,0.5,Original labels,0.48693199135007675,0.029156505076903583,,
5,0.5,Recomputed rules,0.5261674239467042,0.01016492075390668,0.0,0.0
5,0.5,Rules vs original,0.4978343679659124,0.024513227656837156,,
5,1.0,Original labels,0.4434937042595764,0.026301826843768115,,
5,1.0,Recomputed rules,0.48100249517114885,0.03139540776670702,0.0,0.0
5,1.0,Rules vs original,0.4033873350421204,0.016272926627822322,,
5,2.0,Original labels,0.37770068242312327,0.012793885807533045,,
5,2.0,Recomputed rules,0.4280924492019989,0.011817708890826189,0.0,0.0
5,2.0,Rules vs original,0.3419556337475864,0.008268871927746767,,
7,0.5,Original labels,0.48980894916939804,0.020148944626594462,,
7,0.5,Recomputed rules,0.5022285447450507,0.03142915248565555,0.0,0.0
7,0.5,Rules vs original,0.4978343679659124,0.024513227656837156,,
7,1.0,Original labels,0.44639777019734533,0.026414089207107312,,
7,1.0,Recomputed rules,0.46747555856117706,0.040053224852480945,0.0,0.0
7,1.0,Rules vs original,0.4033873350421204,0.016272926627822322,,
7,2.0,Original labels,0.37873168490873443,0.011283859995730934,,
7,2.0,Recomputed rules,0.42259806233671415,0.01064798954808699,0.0,0.0
7,2.0,Rules vs original,0.3419556337475864,0.008268871927746767,,
9,0.5,Original labels,0.46324209413197953,0.019555146803939168,,
9,0.5,Recomputed rules,0.4914566277750172,0.029976156892476048,0.0,0.0
9,0.5,Rules vs original,0.4978343679659124,0.024513227656837156,,
9,1.0,Original labels,0.4360571876270612,0.030090280238992653,,
9,1.0,Recomputed rules,0.4536668312942429,0.04068140070200603,0.0,0.0
9,1.0,Rules vs original,0.4033873350421204,0.016272926627822322,,
9,2.0,Original labels,0.3861805138439698,0.012805692808337335,,
9,2.0,Recomputed rules,0.41045356760132484,0.013416009665817887,0.0,0.0
9,2.0,Rules vs original,0.3419556337475864,0.008268871927746767,,
11,0.5,Original labels,0.4653332689504512,0.024852041778418727,,
11,0.5,Recomputed rules,0.48225975667567617,0.02870391561192742,0.0,0.0
11,0.5,Rules vs original,0.4978343679659124,0.024513227656837156,,
11,1.0,Original labels,0.4379700070403456,0.029299245291237768,,
11,1.0,Recomputed rules,0.44631538232927204,0.043815911201064484,0.0,0.0
11,1.0,Rules vs original,0.4033873350421204,0.016272926627822322,,
11,2.0,Original labels,0.3874804227480947,0.01564472708189216,,
11,2.0,Recomputed rules,0.4018642467606622,0.014064995882443594,0.0,0.0
11,2.0,Rules vs original,0.3419556337475864,0.008268871927746767,,
13,0.5,Original labels,0.44346606804321553,0.034852792366921084,,
13,0.5,Recomputed rules,0.4523788227635297,0.03285047737567714,0.0,0.0
13,0.5,Rules vs original,0.4978343679659124,0.024513227656837156,,
13,1.0,Original labels,0.4400396191866852,0.03429037679686906,,
13,1.0,Recomputed rules,0.43469222981874706,0.0412686214587135,0.0,0.0
13,1.0,Rules vs original,0.4033873350421204,0.016272926627822322,,
13,2.0,Original labels,0.3893446125038621,0.016769233050703235,,
13,2.0,Recomputed rules,0.39932473746738306,0.012453783917187416,0.0,0.0
13,2.0,Rules vs original,0.3419556337475864,0.008268871927746767,,
15,0.5,Original labels,0.42506374092617943,0.03177814878006639,,
15,0.5,Recomputed rules,0.42789406399071395,0.04990049827602125,0.0,0.0
15,0.5,Rules vs original,0.4978343679659124,0.024513227656837156,,
15,1.0,Original labels,0.43694782885031663,0.03325842627177824,,
15,1.0,Recomputed rules,0.4216353034564467,0.025916942634016487,0.0,0.0
15,1.0,Rules vs original,0.4033873350421204,0.016272926627822322,,
15,2.0,Original labels,0.3901417988611596,0.015690107225342042,,
15,2.0,Recomputed rules,0.3934454009489422,0.011996684065510717,0.0,0.0
15,2.0,Rules vs original,0.3419556337475864,0.008268871927746767,,
17,0.5,Original labels,0.4150717559297486,0.02489312489689032,,
17,0.5,Recomputed rules,0.4095730686518796,0.03918449013045858,0.0,0.0
17,0.5,Rules vs original,0.4978343679659124,0.024513227656837156,,
17,1.0,Original labels,0.42768123919495266,0.02795495405683148,,
17,1.0,Recomputed rules,0.4121977822425119,0.02585454640870308,0.0,0.0
17,1.0,Rules vs original,0.4033873350421204,0.016272926627822322,,
17,2.0,Original labels,0.3915705245701012,0.018238859593216226,,
17,2.0,Recomputed rules,0.3882422907156557,0.011957288427765708,0.0,0.0
17,2.0,Rules vs original,0.3419556337475864,0.008268871927746767,,
19,0.5,Original labels,0.41274298515396673,0.035423592503412586,,
19,0.5,Recomputed rules,0.4201488321822512,0.05006851484440725,0.0,0.0
19,0.5,Rules vs original,0.4978343679659124,0.024513227656837156,,
19,1.0,Original labels,0.42806408112897787,0.027542200570111048,,
19,1.0,Recomputed rules,0.41084973550198933,0.024556618274994512,0.0,0.0
19,1.0,Rules vs original,0.4033873350421204,0.016272926627822322,,
19,2.0,Original labels,0.39479455117683504,0.020043431732036317,,
19,2.0,Recomputed rules,0.38688557309964533,0.012013886444322303,0.0,0.0
19,2.0,Rules vs original,0.3419556337475864,0.008268871927746767,,
21,0.5,Original labels,0.406527824084454,0.033044509219975066,,
21,0.5,Recomputed rules,0.4026720536771614,0.03838805647184838,0.0,0.0
21,0.5,Rules vs original,0.4978343679659124,0.024513227656837156,,
21,1.0,Original labels,0.42047597623324007,0.0265557780957457,,
21,1.0,Recomputed rules,0.4079525081229848,0.025200625818584083,0.0,0.0
21,1.0,Rules vs original,0.4033873350421204,0.016272926627822322,,
21,2.0,Original labels,0.3912549172963006,0.02006042691877233,,
21,2.0,Recomputed rules,0.38407253961483073,0.013005720531323976,0.0,0.0
21,2.0,Rules vs original,0.3419556337475864,0.008268871927746767,,
23,0.5,Original labels,0.38869666382683293,0.03227309168608823,,
23,0.5,Recomputed rules,0.3746554986929935,0.03389949020697387,0.0,0.0
23,0.5,Rules vs original,0.4978343679659124,0.024513227656837156,,
23,1.0,Original labels,0.4171618446145896,0.03290238698186781,,
23,1.0,Recomputed rules,0.39370584793730723,0.022653732270743594,0.0,0.0
23,1.0,Rules vs original,0.4033873350421204,0.016272926627822322,,
23,2.0,Original labels,0.3871959932465395,0.024773649860090487,,
23,2.0,Recomputed rules,0.3849071826051076,0.012394231005108156,0.0,0.0
23,2.0,Rules vs original,0.3419556337475864,0.008268871927746767,,
25,0.5,Original labels,0.38869666382683293,0.03227309168608823,,
25,0.5,Recomputed rules,0.3746554986929935,0.03389949020697387,0.0,0.0
25,0.5,Rules vs original,0.4978343679659124,0.024513227656837156,,
25,1.0,Original labels,0.418599229624422,0.04648263143824774,,
25,1.0,Recomputed rules,0.395190513911988,0.02624207702939855,0.0,0.0
25,1.0,Rules vs original,0.4033873350421204,0.016272926627822322,,
25,2.0,Original labels,0.39215416118985846,0.023847133472507904,,
25,2.0,Recomputed rules,0.383245970301572,0.010432231975217438,0.0,0.0
25,2.0,Rules vs original,0.3419556337475864,0.008268871927746767,,
