k,sigma,seed,comparison,macro_f1,severe_recall,accuracy,severe_support
1,0.5,11,Original labels,0.5701421440400742,,0.9986338797814208,0
1,0.5,11,Recomputed rules,0.5445869289184345,0.0,0.9975830180748212,1
1,0.5,11,Rules vs original,0.5106367028036946,,0.9970575872215216,0
1,0.5,23,Original labels,0.5255923643662622,,0.9980033627574612,0
1,0.5,23,Recomputed rules,0.5846773378454372,,0.9986338797814208,0
1,0.5,23,Rules vs original,0.5329821234151653,,0.9978982765868012,0
1,0.5,37,Original labels,0.4955663636990222,,0.9977931904161412,0
1,0.5,37,Recomputed rules,0.5656808135044084,0.0,0.9986338797814208,1
1,0.5,37,Rules vs original,0.4692580729079386,,0.9972677595628416,0
1,0.5,51,Original labels,0.4995433789954338,,0.9972677595628416,0
1,0.5,51,Recomputed rules,0.5806535218907984,0.0,0.998108448928121,1
1,0.5,51,Rules vs original,0.4883090565131575,,0.996532156368222,0
1,0.5,71,Original labels,0.5235463243569787,,0.9984237074401008,0
1,0.5,71,Recomputed rules,0.5368089068273327,0.0,0.9985287936107607,1
1,0.5,71,Rules vs original,0.4879858841896065,,0.9975830180748212,0
1,1.0,11,Original labels,0.4808664429097768,,0.996321984026902,0
1,1.0,11,Recomputed rules,0.5106305580222421,0.0,0.9943253467843632,5
1,1.0,11,Rules vs original,0.4163113784884777,,0.9923287095418244,0
1,1.0,23,Original labels,0.4481208289427467,,0.996427070197562,0
1,1.0,23,Recomputed rules,0.4940867125643418,0.0,0.994640605296343,2
1,1.0,23,Rules vs original,0.4145512370663327,,0.992854140395124,0
1,1.0,37,Original labels,0.4417743328846242,,0.9961118116855822,0
1,1.0,37,Recomputed rules,0.5255589215331473,0.0,0.996216897856242,6
1,1.0,37,Rules vs original,0.3894562847295491,,0.9935897435897436,0
1,1.0,51,Original labels,0.4233988093526213,,0.9949558638083228,0
1,1.0,51,Recomputed rules,0.5450882631928465,0.0,0.9956914670029424,5
1,1.0,51,Rules vs original,0.4144630438058668,,0.9924337957124842,0
1,1.0,71,Original labels,0.4540539160299008,,0.9970575872215216,0
1,1.0,71,Recomputed rules,0.4707530333866699,0.0,0.9949558638083228,3
1,1.0,71,Rules vs original,0.3821547311203757,,0.992749054224464,0
1,2.0,11,Original labels,0.38971983203185,,0.9862337116435476,0
1,2.0,11,Recomputed rules,0.4623334591941312,0.0,0.9703656998738966,68
1,2.0,11,Rules vs original,0.3487605162133464,,0.9630096679277008,0
1,2.0,23,Original labels,0.379048223542035,,0.9886506935687264,0
1,2.0,23,Recomputed rules,0.4529896996624371,0.0,0.971626733921816,53
1,2.0,23,Rules vs original,0.3516101449510982,,0.9650063051702396,0
1,2.0,37,Original labels,0.3828707375099127,,0.9895964691046658,0
1,2.0,37,Recomputed rules,0.4204357107813887,0.0,0.9674232870954182,60
1,2.0,37,Rules vs original,0.3332659349646452,,0.9617486338797814,0
1,2.0,51,Original labels,0.3704411983348201,,0.985918453131568,0
1,2.0,51,Recomputed rules,0.444701064754955,0.0,0.9695250105086172,55
1,2.0,51,Rules vs original,0.3418315053597871,,0.9627994955863808,0
1,2.0,71,Original labels,0.3663009960368444,,0.989176124422026,0
1,2.0,71,Recomputed rules,0.4456301419970649,0.0,0.9724674232870956,47
1,2.0,71,Rules vs original,0.3343100672490552,,0.9652164775115596,0
3,0.5,11,Original labels,0.5451736663028005,,0.9983186212694408,0
3,0.5,11,Recomputed rules,0.5480180736311707,0.0,0.9976881042454812,1
3,0.5,11,Rules vs original,0.5106367028036946,,0.9970575872215216,0
3,0.5,23,Original labels,0.4996489750070205,,0.9978982765868012,0
3,0.5,23,Recomputed rules,0.5552746172215198,,0.9983186212694408,0
3,0.5,23,Rules vs original,0.5329821234151653,,0.9978982765868012,0
3,0.5,37,Original labels,0.4951620744197738,,0.9980033627574612,0
3,0.5,37,Recomputed rules,0.5553449405597678,0.0,0.9986338797814208,1
3,0.5,37,Rules vs original,0.4692580729079386,,0.9972677595628416,0
3,0.5,51,Original labels,0.4604837338921919,,0.9969525010508618,0
3,0.5,51,Recomputed rules,0.5791708239035035,0.0,0.998108448928121,1
3,0.5,51,Rules vs original,0.4883090565131575,,0.996532156368222,0
3,0.5,71,Original labels,0.5044636120490202,,0.998213535098781,0
3,0.5,71,Recomputed rules,0.5553625223011903,0.0,0.9987389659520808,1
3,0.5,71,Rules vs original,0.4879858841896065,,0.9975830180748212,0
3,1.0,11,Original labels,0.4528666561242598,,0.9959016393442623,0
3,1.0,11,Recomputed rules,0.5020251239671466,0.0,0.9941151744430432,5
3,1.0,11,Rules vs original,0.4163113784884777,,0.9923287095418244,0
3,1.0,23,Original labels,0.4609764664559185,,0.996637242538882,0
3,1.0,23,Recomputed rules,0.5008559349059059,0.0,0.9948507776376628,2
3,1.0,23,Rules vs original,0.4145512370663327,,0.992854140395124,0
3,1.0,37,Original labels,0.4552379662290033,,0.9967423287095418,0
3,1.0,37,Recomputed rules,0.514571009583939,0.0,0.9961118116855822,6
3,1.0,37,Rules vs original,0.3894562847295491,,0.9935897435897436,0
3,1.0,51,Original labels,0.4309384499147822,,0.9954812946616224,0
3,1.0,51,Recomputed rules,0.5363851350689979,0.0,0.9955863808322823,5
3,1.0,51,Rules vs original,0.4144630438058668,,0.9924337957124842,0
3,1.0,71,Original labels,0.4540539160299008,,0.9970575872215216,0
3,1.0,71,Recomputed rules,0.4625877662165021,0.0,0.994745691467003,3
3,1.0,71,Rules vs original,0.3821547311203757,,0.992749054224464,0
3,2.0,11,Original labels,0.3901811359598877,,0.9882303488860866,0
3,2.0,11,Recomputed rules,0.446588484864404,0.0,0.969630096679277,68
3,2.0,11,Rules vs original,0.3487605162133464,,0.9630096679277008,0
3,2.0,23,Original labels,0.3802628507008534,,0.988965952080706,0
3,2.0,23,Recomputed rules,0.4539773236533118,0.0,0.9718369062631358,53
3,2.0,23,Rules vs original,0.3516101449510982,,0.9650063051702396,0
3,2.0,37,Original labels,0.3837980253939214,,0.9898066414459856,0
3,2.0,37,Recomputed rules,0.4226951677139378,0.0,0.967843631778058,60
3,2.0,37,Rules vs original,0.3332659349646452,,0.9617486338797814,0
3,2.0,51,Original labels,0.3695325219737406,,0.9870744010088272,0
3,2.0,51,Recomputed rules,0.440368150737044,0.0,0.9699453551912568,55
3,2.0,51,Rules vs original,0.3418315053597871,,0.9627994955863808,0
3,2.0,71,Original labels,0.3612981979261049,,0.989281210592686,0
3,2.0,71,Recomputed rules,0.4485561130682736,0.0,0.973097940311055,47
3,2.0,71,Rules vs original,0.3343100672490552,,0.9652164775115596,0
5,0.5,11,Original labels,0.5281568975976211,,0.998213535098781,0
5,0.5,11,Recomputed rules,0.5250020547675969,0.0,0.9973728457335016,1
5,0.5,11,Rules vs original,0.5106367028036946,,0.9970575872215216,0
5,0.5,23,Original labels,0.4662981874331035,,0.9977931904161412,0
5,0.5,23,Recomputed rules,0.5190463185336595,,0.9980033627574612,0
5,0.5,23,Rules vs original,0.5329821234151653,,0.9978982765868012,0
5,0.5,37,Original labels,0.5044636120490202,,0.998213535098781,0
5,0.5,37,Recomputed rules,0.5312858399096159,0.0,0.9984237074401008,1
5,0.5,37,Rules vs original,0.4692580729079386,,0.9972677595628416,0
5,0.5,51,Original labels,0.4568903824776564,,0.9971626733921816,0
5,0.5,51,Recomputed rules,0.5405970312630527,0.0,0.9975830180748212,1
5,0.5,51,Rules vs original,0.4883090565131575,,0.996532156368222,0
5,0.5,71,Original labels,0.4788508771929824,,0.998108448928121,0
5,0.5,71,Recomputed rules,0.5149058752595966,0.0,0.9984237074401008,1
5,0.5,71,Rules vs original,0.4879858841896065,,0.9975830180748212,0
5,1.0,11,Original labels,0.4731045003813882,,0.996532156368222,0
5,1.0,11,Recomputed rules,0.496071034391064,0.0,0.9941151744430432,5
5,1.0,11,Rules vs original,0.4163113784884777,,0.9923287095418244,0
5,1.0,23,Original labels,0.4540539160299008,,0.9970575872215216,0
5,1.0,23,Recomputed rules,0.4716298538570042,0.0,0.9944304329550232,2
5,1.0,23,Rules vs original,0.4145512370663327,,0.992854140395124,0
5,1.0,37,Original labels,0.4578065739570164,,0.9968474148802018,0
5,1.0,37,Recomputed rules,0.4994019349164468,0.0,0.9959016393442623,6
5,1.0,37,Rules vs original,0.3894562847295491,,0.9935897435897436,0
5,1.0,51,Original labels,0.4095539164032315,,0.9957965531736024,0
5,1.0,51,Recomputed rules,0.5076778634470943,0.0,0.9950609499789828,5
5,1.0,51,Rules vs original,0.4144630438058668,,0.9924337957124842,0
5,1.0,71,Original labels,0.4229496145263452,,0.9971626733921816,0
5,1.0,71,Recomputed rules,0.4302317892441349,0.0,0.9944304329550232,3
5,1.0,71,Rules vs original,0.3821547311203757,,0.992749054224464,0
5,2.0,11,Original labels,0.3930025041441823,,0.9888608659100462,0
5,2.0,11,Recomputed rules,0.4313594076627252,0.0,0.9683690626313576,68
5,2.0,11,Rules vs original,0.3487605162133464,,0.9630096679277008,0
5,2.0,23,Original labels,0.3728869901977706,,0.9895964691046658,0
5,2.0,23,Recomputed rules,0.4411357995593732,0.0,0.9709962168978562,53
5,2.0,23,Rules vs original,0.3516101449510982,,0.9650063051702396,0
5,2.0,37,Original labels,0.3895111298957452,,0.9909625893232452,0
5,2.0,37,Recomputed rules,0.4094066869155607,0.0,0.9670029424127784,60
5,2.0,37,Rules vs original,0.3332659349646452,,0.9617486338797814,0
5,2.0,51,Original labels,0.3687097195042401,,0.9883354350567464,0
5,2.0,51,Recomputed rules,0.4256849105934894,0.0,0.9688944934846574,55
5,2.0,51,Rules vs original,0.3418315053597871,,0.9627994955863808,0
5,2.0,71,Original labels,0.3643930683736781,,0.9903320722992854,0
5,2.0,71,Recomputed rules,0.432875441278846,0.0,0.9720470786044556,47
5,2.0,71,Rules vs original,0.3343100672490552,,0.9652164775115596,0
7,0.5,11,Original labels,0.5235463243569787,,0.9984237074401008,0
7,0.5,11,Recomputed rules,0.4711711872933307,0.0,0.9967423287095418,1
7,0.5,11,Rules vs original,0.5106367028036946,,0.9970575872215216,0
7,0.5,23,Original labels,0.4853808997410618,,0.9980033627574612,0
7,0.5,23,Recomputed rules,0.5190463185336595,,0.9980033627574612,0
7,0.5,23,Rules vs original,0.5329821234151653,,0.9978982765868012,0
7,0.5,37,Original labels,0.4898802557131916,,0.998108448928121,0
7,0.5,37,Recomputed rules,0.5182552913534751,0.0,0.9983186212694408,1
7,0.5,37,Rules vs original,0.4692580729079386,,0.9972677595628416,0
7,0.5,51,Original labels,0.4792710967497227,,0.9975830180748212,0
7,0.5,51,Recomputed rules,0.5363014897958455,0.0,0.9974779319041616,1
7,0.5,51,Rules vs original,0.4883090565131575,,0.996532156368222,0
7,0.5,71,Original labels,0.4709661692860352,,0.998213535098781,0
7,0.5,71,Recomputed rules,0.466368436748943,0.0,0.998108448928121,1
7,0.5,71,Rules vs original,0.4879858841896065,,0.9975830180748212,0
7,1.0,11,Original labels,0.4782433599844149,,0.9967423287095418,0
7,1.0,11,Recomputed rules,0.4867205154658685,0.0,0.9939050021017234,5
7,1.0,11,Rules vs original,0.4163113784884777,,0.9923287095418244,0
7,1.0,23,Original labels,0.4662454366750913,,0.9974779319041616,0
7,1.0,23,Recomputed rules,0.4473080463410801,0.0,0.9940100882723834,2
7,1.0,23,Rules vs original,0.4145512370663327,,0.992854140395124,0
7,1.0,37,Original labels,0.4438825677763731,,0.996637242538882,0
7,1.0,37,Recomputed rules,0.4993667546174142,0.0,0.9957965531736024,6
7,1.0,37,Rules vs original,0.3894562847295491,,0.9935897435897436,0
7,1.0,51,Original labels,0.4126660344888139,,0.9960067255149222,0
7,1.0,51,Recomputed rules,0.4975070026485714,0.0,0.9948507776376628,5
7,1.0,51,Rules vs original,0.4144630438058668,,0.9924337957124842,0
7,1.0,71,Original labels,0.4309514520620334,,0.9974779319041616,0
7,1.0,71,Recomputed rules,0.4064754737329512,0.0,0.9941151744430432,3
7,1.0,71,Rules vs original,0.3821547311203757,,0.992749054224464,0
7,2.0,11,Original labels,0.3906749376153007,,0.989281210592686,0
7,2.0,11,Recomputed rules,0.4260314252346124,0.0,0.968053804119378,68
7,2.0,11,Rules vs original,0.3487605162133464,,0.9630096679277008,0
7,2.0,23,Original labels,0.3753089955843076,,0.9902269861286256,0
7,2.0,23,Recomputed rules,0.4319911903432519,0.0,0.9703656998738966,53
7,2.0,23,Rules vs original,0.3516101449510982,,0.9650063051702396,0
7,2.0,37,Original labels,0.3906777290948075,,0.9911727616645648,0
7,2.0,37,Recomputed rules,0.4044479175724513,0.0,0.9665825977301388,60
7,2.0,37,Rules vs original,0.3332659349646452,,0.9617486338797814,0
7,2.0,51,Original labels,0.3696809448263705,,0.9886506935687264,0
7,2.0,51,Recomputed rules,0.4230348621931421,0.0,0.9687894073139974,55
7,2.0,51,Rules vs original,0.3418315053597871,,0.9627994955863808,0
7,2.0,71,Original labels,0.3673158174228857,,0.9911727616645648,0
7,2.0,71,Recomputed rules,0.4274849163401132,0.0,0.9718369062631358,47
7,2.0,71,Rules vs original,0.3343100672490552,,0.9652164775115596,0
9,0.5,11,Original labels,0.494651233637496,,0.998213535098781,0
9,0.5,11,Recomputed rules,0.4766324373093107,0.0,0.9969525010508618,1
9,0.5,11,Rules vs original,0.5106367028036946,,0.9970575872215216,0
9,0.5,23,Original labels,0.4620322756074524,,0.9980033627574612,0
9,0.5,23,Recomputed rules,0.4868109303427578,,0.9977931904161412,0
9,0.5,23,Rules vs original,0.5329821234151653,,0.9978982765868012,0
9,0.5,37,Original labels,0.4620322756074524,,0.9980033627574612,0
9,0.5,37,Recomputed rules,0.5149058752595966,0.0,0.9984237074401008,1
9,0.5,37,Rules vs original,0.4692580729079386,,0.9972677595628416,0
9,0.5,51,Original labels,0.4410027294997024,,0.9973728457335016,0
9,0.5,51,Recomputed rules,0.5268511421125249,0.0,0.9974779319041616,1
9,0.5,51,Rules vs original,0.4883090565131575,,0.996532156368222,0
9,0.5,71,Original labels,0.4564919563077942,,0.998213535098781,0
9,0.5,71,Recomputed rules,0.4520827538508957,0.0,0.998108448928121,1
9,0.5,71,Rules vs original,0.4879858841896065,,0.9975830180748212,0
9,1.0,11,Original labels,0.4856545863183031,,0.9972677595628416,0
9,1.0,11,Recomputed rules,0.4775967821869368,0.0,0.9939050021017234,5
9,1.0,11,Rules vs original,0.4163113784884777,,0.9923287095418244,0
9,1.0,23,Original labels,0.4229496145263452,,0.9971626733921816,0
9,1.0,23,Recomputed rules,0.4355226801653488,0.0,0.9939050021017234,2
9,1.0,23,Rules vs original,0.4145512370663327,,0.992854140395124,0
9,1.0,37,Original labels,0.4413513984636556,,0.9969525010508618,0
9,1.0,37,Recomputed rules,0.4923422536449683,0.0,0.9959016393442623,6
9,1.0,37,Rules vs original,0.3894562847295491,,0.9935897435897436,0
9,1.0,51,Original labels,0.408494040893451,,0.996427070197562,0
9,1.0,51,Recomputed rules,0.4716473148032083,0.0,0.9943253467843632,5
9,1.0,51,Rules vs original,0.4144630438058668,,0.9924337957124842,0
9,1.0,71,Original labels,0.4218362979335508,,0.9976881042454812,0
9,1.0,71,Recomputed rules,0.3912251256707524,0.0,0.9941151744430432,3
9,1.0,71,Rules vs original,0.3821547311203757,,0.992749054224464,0
9,2.0,11,Original labels,0.3960397875967008,,0.9903320722992854,0
9,2.0,11,Recomputed rules,0.4197544010693976,0.0,0.967843631778058,68
9,2.0,11,Rules vs original,0.3487605162133464,,0.9630096679277008,0
9,2.0,23,Original labels,0.3810303601322575,,0.9914880201765448,0
9,2.0,23,Recomputed rules,0.4146608207281037,0.0,0.9692097519966372,53
9,2.0,23,Rules vs original,0.3516101449510982,,0.9650063051702396,0
9,2.0,37,Original labels,0.4019043924920848,,0.992854140395124,0
9,2.0,37,Recomputed rules,0.3872913532488,0.0,0.9657419083648592,60
9,2.0,37,Rules vs original,0.3332659349646452,,0.9617486338797814,0
9,2.0,51,Original labels,0.3697906996052502,,0.9902269861286256,0
9,2.0,51,Recomputed rules,0.4112394983317354,0.0,0.968158890290038,55
9,2.0,51,Rules vs original,0.3418315053597871,,0.9627994955863808,0
9,2.0,71,Original labels,0.3821373293935556,,0.992854140395124,0
9,2.0,71,Recomputed rules,0.4193217646285875,0.0,0.971206389239176,47
9,2.0,71,Rules vs original,0.3343100672490552,,0.9652164775115596,0
11,0.5,11,Original labels,0.499719298245614,,0.9983186212694408,0
11,0.5,11,Recomputed rules,0.466157385455631,0.0,0.9968474148802018,1
11,0.5,11,Rules vs original,0.5106367028036946,,0.9970575872215216,0
11,0.5,23,Original labels,0.4440936041820159,,0.9978982765868012,0
11,0.5,23,Recomputed rules,0.4732981236918768,,0.9976881042454812,0
11,0.5,23,Rules vs original,0.5329821234151653,,0.9978982765868012,0
11,0.5,37,Original labels,0.4835727378242118,,0.998213535098781,0
11,0.5,37,Recomputed rules,0.5149058752595966,0.0,0.9984237074401008,1
11,0.5,37,Rules vs original,0.4692580729079386,,0.9972677595628416,0
11,0.5,51,Original labels,0.4472154751251451,,0.9975830180748212,0
11,0.5,51,Recomputed rules,0.5089772931384967,0.0,0.9972677595628416,1
11,0.5,51,Rules vs original,0.4883090565131575,,0.996532156368222,0
11,0.5,71,Original labels,0.4520652293752694,,0.998108448928121,0
11,0.5,71,Recomputed rules,0.4479601058327798,0.0,0.9980033627574612,1
11,0.5,71,Rules vs original,0.4879858841896065,,0.9975830180748212,0
11,1.0,11,Original labels,0.4856545863183031,,0.9972677595628416,0
11,1.0,11,Recomputed rules,0.4775967821869368,0.0,0.9939050021017234,5
11,1.0,11,Rules vs original,0.4163113784884777,,0.9923287095418244,0
11,1.0,23,Original labels,0.4281327628171866,,0.9973728457335016,0
11,1.0,23,Recomputed rules,0.421743891283118,0.0,0.9936948297604036,2
11,1.0,23,Rules vs original,0.4145512370663327,,0.992854140395124,0
11,1.0,37,Original labels,0.4439529576970335,,0.9970575872215216,0
11,1.0,37,Recomputed rules,0.4850812407680945,0.0,0.9957965531736024,6
11,1.0,37,Rules vs original,0.3894562847295491,,0.9935897435897436,0
11,1.0,51,Original labels,0.4102734304356541,,0.996532156368222,0
11,1.0,51,Recomputed rules,0.4657689531956839,0.0,0.9942202606137032,5
11,1.0,51,Rules vs original,0.4144630438058668,,0.9924337957124842,0
11,1.0,71,Original labels,0.4218362979335508,,0.9976881042454812,0
11,1.0,71,Recomputed rules,0.381386044212527,0.0,0.9939050021017234,3
11,1.0,71,Rules vs original,0.3821547311203757,,0.992749054224464,0
11,2.0,11,Original labels,0.405927804786397,,0.9911727616645648,0
11,2.0,11,Recomputed rules,0.4121992637829741,0.0,0.9673182009247584,68
11,2.0,11,Rules vs original,0.3487605162133464,,0.9630096679277008,0
11,2.0,23,Original labels,0.385061553030303,,0.9922236233711644,0
11,2.0,23,Recomputed rules,0.4048038487389012,0.0,0.9685792349726776,53
11,2.0,23,Rules vs original,0.3516101449510982,,0.9650063051702396,0
11,2.0,37,Original labels,0.4006190425943512,,0.9934846574190836,0
11,2.0,37,Recomputed rules,0.3772051882954139,0.0,0.9653215636822194,60
11,2.0,37,Rules vs original,0.3332659349646452,,0.9617486338797814,0
11,2.0,51,Original labels,0.3770735165866795,,0.9906473308112652,0
11,2.0,51,Recomputed rules,0.4063377161708641,0.0,0.967843631778058,55
11,2.0,51,Rules vs original,0.3418315053597871,,0.9627994955863808,0
11,2.0,71,Original labels,0.3687201967427428,,0.993169398907104,0
11,2.0,71,Recomputed rules,0.4087752168151575,0.0,0.9704707860445564,47
11,2.0,71,Rules vs original,0.3343100672490552,,0.9652164775115596,0
13,0.5,11,Original labels,0.4709661692860352,,0.998213535098781,0
13,0.5,11,Recomputed rules,0.4178427223522309,0.0,0.996321984026902,1
13,0.5,11,Rules vs original,0.5106367028036946,,0.9970575872215216,0
13,0.5,23,Original labels,0.4070390832821771,,0.9977931904161412,0
13,0.5,23,Recomputed rules,0.4472154751251451,,0.9975830180748212,0
13,0.5,23,Rules vs original,0.5329821234151653,,0.9978982765868012,0
13,0.5,37,Original labels,0.488608216678946,,0.9983186212694408,0
13,0.5,37,Recomputed rules,0.4997368282541186,0.0,0.9983186212694408,1
13,0.5,37,Rules vs original,0.4692580729079386,,0.9972677595628416,0
13,0.5,51,Original labels,0.4189513511739336,,0.9975830180748212,0
13,0.5,51,Recomputed rules,0.4688609402247887,0.0,0.9968474148802018,1
13,0.5,51,Rules vs original,0.4883090565131575,,0.996532156368222,0
13,0.5,71,Original labels,0.4317655197949857,,0.9980033627574612,0
13,0.5,71,Recomputed rules,0.4282381478613652,0.0,0.9978982765868012,1
13,0.5,71,Rules vs original,0.4879858841896065,,0.9975830180748212,0
13,1.0,11,Original labels,0.4958925112503876,,0.9975830180748212,0
13,1.0,11,Recomputed rules,0.4684192235719371,0.0,0.9937999159310634,5
13,1.0,11,Rules vs original,0.4163113784884777,,0.9923287095418244,0
13,1.0,23,Original labels,0.4137027945649452,,0.9973728457335016,0
13,1.0,23,Recomputed rules,0.4156464379947229,0.0,0.9936948297604036,2
13,1.0,23,Rules vs original,0.4145512370663327,,0.992854140395124,0
13,1.0,37,Original labels,0.4495436675091266,,0.9972677595628416,0
13,1.0,37,Recomputed rules,0.4699200916784057,0.0,0.9955863808322823,6
13,1.0,37,Rules vs original,0.3894562847295491,,0.9935897435897436,0
13,1.0,51,Original labels,0.4161401291771974,,0.9968474148802018,0
13,1.0,51,Recomputed rules,0.4473254924807923,0.0,0.9939050021017234,5
13,1.0,51,Rules vs original,0.4144630438058668,,0.9924337957124842,0
13,1.0,71,Original labels,0.424918993431769,,0.9977931904161412,0
13,1.0,71,Recomputed rules,0.3721499033678774,0.0,0.9937999159310634,3
13,1.0,71,Rules vs original,0.3821547311203757,,0.992749054224464,0
13,2.0,11,Original labels,0.4073608100931998,,0.9913829340058848,0
13,2.0,11,Recomputed rules,0.4125785014096323,0.0,0.9672131147540984,68
13,2.0,11,Rules vs original,0.3487605162133464,,0.9630096679277008,0
13,2.0,23,Original labels,0.3956291404043145,,0.992854140395124,0
13,2.0,23,Recomputed rules,0.3978897853852938,0.0,0.968158890290038,53
13,2.0,23,Rules vs original,0.3516101449510982,,0.9650063051702396,0
13,2.0,37,Original labels,0.4006190425943512,,0.9934846574190836,0
13,2.0,37,Recomputed rules,0.3791349314845555,0.0,0.9655317360235393,60
13,2.0,37,Rules vs original,0.3332659349646452,,0.9617486338797814,0
13,2.0,51,Original labels,0.3722056566296781,,0.9908575031525853,0
13,2.0,51,Recomputed rules,0.4035268535560496,0.0,0.9676334594367382,55
13,2.0,51,Rules vs original,0.3418315053597871,,0.9627994955863808,0
13,2.0,71,Original labels,0.3709084127977671,,0.9935897435897436,0
13,2.0,71,Recomputed rules,0.403493615501384,0.0,0.9702606137032368,47
13,2.0,71,Rules vs original,0.3343100672490552,,0.9652164775115596,0
15,0.5,11,Original labels,0.4355817461152618,,0.998108448928121,0
15,0.5,11,Recomputed rules,0.3933249384347504,0.0,0.996216897856242,1
15,0.5,11,Rules vs original,0.5106367028036946,,0.9970575872215216,0
15,0.5,23,Original labels,0.4282206252317808,,0.9978982765868012,0
15,0.5,23,Recomputed rules,0.4440233031515406,,0.9974779319041616,0
15,0.5,23,Rules vs original,0.5329821234151653,,0.9978982765868012,0
15,0.5,37,Original labels,0.4709661692860352,,0.998213535098781,0
15,0.5,37,Recomputed rules,0.4835902659875495,0.0,0.998213535098781,1
15,0.5,37,Rules vs original,0.4692580729079386,,0.9972677595628416,0
15,0.5,51,Original labels,0.3995789916850858,,0.9974779319041616,0
15,0.5,51,Recomputed rules,0.4577889866371666,0.0,0.9967423287095418,1
15,0.5,51,Rules vs original,0.4883090565131575,,0.996532156368222,0
15,0.5,71,Original labels,0.3909711723127336,,0.9980033627574612,0
15,0.5,71,Recomputed rules,0.3607428257425626,0.0,0.9976881042454812,1
15,0.5,71,Rules vs original,0.4879858841896065,,0.9975830180748212,0
15,1.0,11,Original labels,0.4792710967497227,,0.9975830180748212,0
15,1.0,11,Recomputed rules,0.4457697599560675,0.0,0.9933795712484236,5
15,1.0,11,Rules vs original,0.4163113784884777,,0.9923287095418244,0
15,1.0,23,Original labels,0.3974108889571743,,0.9973728457335016,0
15,1.0,23,Recomputed rules,0.4092011126624887,0.0,0.9935897435897436,2
15,1.0,23,Rules vs original,0.4145512370663327,,0.992854140395124,0
15,1.0,37,Original labels,0.4625769167778011,,0.9976881042454812,0
15,1.0,37,Recomputed rules,0.4367616812572514,0.0,0.9951660361496428,6
15,1.0,37,Rules vs original,0.3894562847295491,,0.9935897435897436,0
15,1.0,51,Original labels,0.420561248335116,,0.9970575872215216,0
15,1.0,51,Recomputed rules,0.4343086532469603,0.0,0.9936948297604036,5
15,1.0,51,Rules vs original,0.4144630438058668,,0.9924337957124842,0
15,1.0,71,Original labels,0.424918993431769,,0.9977931904161412,0
15,1.0,71,Recomputed rules,0.3821353101594653,0.0,0.9940100882723834,3
15,1.0,71,Rules vs original,0.3821547311203757,,0.992749054224464,0
15,2.0,11,Original labels,0.4060517497373779,,0.9919083648591844,0
15,2.0,11,Recomputed rules,0.4050095490477836,0.0,0.9668978562421184,68
15,2.0,11,Rules vs original,0.3487605162133464,,0.9630096679277008,0
15,2.0,23,Original labels,0.390505839313353,,0.993064312736444,0
15,2.0,23,Recomputed rules,0.3908151993368114,0.0,0.967738545607398,53
15,2.0,23,Rules vs original,0.3516101449510982,,0.9650063051702396,0
15,2.0,37,Original labels,0.4053905315026103,,0.9940100882723834,0
15,2.0,37,Recomputed rules,0.3739842304443972,0.0,0.9651113913408996,60
15,2.0,37,Rules vs original,0.3332659349646452,,0.9617486338797814,0
15,2.0,51,Original labels,0.3754036392574568,,0.9915931063472048,0
15,2.0,51,Recomputed rules,0.3993745399409774,0.0,0.9673182009247584,55
15,2.0,51,Rules vs original,0.3418315053597871,,0.9627994955863808,0
15,2.0,71,Original labels,0.3733572344950001,,0.9940100882723834,0
15,2.0,71,Recomputed rules,0.3980434859747414,0.0,0.9699453551912568,47
15,2.0,71,Rules vs original,0.3343100672490552,,0.9652164775115596,0
17,0.5,11,Original labels,0.4130001227617895,,0.9980033627574612,0
17,0.5,11,Recomputed rules,0.3792129831488839,0.0,0.9961118116855822,1
17,0.5,11,Rules vs original,0.5106367028036946,,0.9970575872215216,0
17,0.5,23,Original labels,0.4130001227617895,,0.9980033627574612,0
17,0.5,23,Recomputed rules,0.4137027945649452,,0.9973728457335016,0
17,0.5,23,Rules vs original,0.5329821234151653,,0.9978982765868012,0
17,0.5,37,Original labels,0.4564919563077942,,0.998213535098781,0
17,0.5,37,Recomputed rules,0.4479601058327798,0.0,0.9980033627574612,1
17,0.5,37,Rules vs original,0.4692580729079386,,0.9972677595628416,0
17,0.5,51,Original labels,0.401895405504636,,0.9975830180748212,0
17,0.5,51,Recomputed rules,0.4462466339702265,0.0,0.996637242538882,1
17,0.5,51,Rules vs original,0.4883090565131575,,0.996532156368222,0
17,0.5,71,Original labels,0.3909711723127336,,0.9980033627574612,0
17,0.5,71,Recomputed rules,0.3607428257425626,0.0,0.9976881042454812,1
17,0.5,71,Rules vs original,0.4879858841896065,,0.9975830180748212,0
17,1.0,11,Original labels,0.4472154751251451,,0.9975830180748212,0
17,1.0,11,Recomputed rules,0.4079468852952141,0.0,0.992749054224464,5
17,1.0,11,Rules vs original,0.4163113784884777,,0.9923287095418244,0
17,1.0,23,Original labels,0.3974108889571743,,0.9973728457335016,0
17,1.0,23,Recomputed rules,0.4092011126624887,0.0,0.9935897435897436,2
17,1.0,23,Rules vs original,0.4145512370663327,,0.992854140395124,0
17,1.0,37,Original labels,0.4625769167778011,,0.9976881042454812,0
17,1.0,37,Recomputed rules,0.4367616812572514,0.0,0.9951660361496428,6
17,1.0,37,Rules vs original,0.3894562847295491,,0.9935897435897436,0
17,1.0,51,Original labels,0.4029822898828623,,0.9968474148802018,0
17,1.0,51,Recomputed rules,0.4343086532469603,0.0,0.9936948297604036,5
17,1.0,51,Rules vs original,0.4144630438058668,,0.9924337957124842,0
17,1.0,71,Original labels,0.4282206252317808,,0.9978982765868012,0
17,1.0,71,Recomputed rules,0.3727705787506452,0.0,0.9939050021017234,3
17,1.0,71,Rules vs original,0.3821547311203757,,0.992749054224464,0
17,2.0,11,Original labels,0.413618179471838,,0.992854140395124,0
17,2.0,11,Recomputed rules,0.395589992303258,0.0,0.9663724253888188,68
17,2.0,11,Rules vs original,0.3487605162133464,,0.9630096679277008,0
17,2.0,23,Original labels,0.3841383271612762,,0.993169398907104,0
17,2.0,23,Recomputed rules,0.3874086378491474,0.0,0.9676334594367382,53
17,2.0,23,Rules vs original,0.3516101449510982,,0.9650063051702396,0
17,2.0,37,Original labels,0.4085745425688469,,0.9943253467843632,0
17,2.0,37,Recomputed rules,0.3685195912463192,0.0,0.9647961328289196,60
17,2.0,37,Rules vs original,0.3332659349646452,,0.9617486338797814,0
17,2.0,51,Original labels,0.3754036392574568,,0.9915931063472048,0
17,2.0,51,Recomputed rules,0.3993745399409774,0.0,0.9673182009247584,55
17,2.0,51,Rules vs original,0.3418315053597871,,0.9627994955863808,0
17,2.0,71,Original labels,0.3761179343910881,,0.9944304329550232,0
17,2.0,71,Recomputed rules,0.3903186922385765,0.0,0.9695250105086172,47
17,2.0,71,Rules vs original,0.3343100672490552,,0.9652164775115596,0
19,0.5,11,Original labels,0.4130001227617895,,0.9980033627574612,0
19,0.5,11,Recomputed rules,0.3792129831488839,0.0,0.9961118116855822,1
19,0.5,11,Rules vs original,0.5106367028036946,,0.9970575872215216,0
19,0.5,23,Original labels,0.4099056438317724,,0.9978982765868012,0
19,0.5,23,Recomputed rules,0.4309514520620334,,0.9974779319041616,0
19,0.5,23,Rules vs original,0.5329821234151653,,0.9978982765868012,0
19,0.5,37,Original labels,0.4709661692860352,,0.998213535098781,0
19,0.5,37,Recomputed rules,0.4835902659875495,0.0,0.998213535098781,1
19,0.5,37,Rules vs original,0.4692580729079386,,0.9972677595628416,0
19,0.5,51,Original labels,0.3788718175775029,,0.9973728457335016,0
19,0.5,51,Recomputed rules,0.4462466339702265,0.0,0.996637242538882,1
19,0.5,51,Rules vs original,0.4883090565131575,,0.996532156368222,0
19,0.5,71,Original labels,0.3909711723127336,,0.9980033627574612,0
19,0.5,71,Recomputed rules,0.3607428257425626,0.0,0.9976881042454812,1
19,0.5,71,Rules vs original,0.4879858841896065,,0.9975830180748212,0
19,1.0,11,Original labels,0.4472154751251451,,0.9975830180748212,0
19,1.0,11,Recomputed rules,0.4079468852952141,0.0,0.992749054224464,5
19,1.0,11,Rules vs original,0.4163113784884777,,0.9923287095418244,0
19,1.0,23,Original labels,0.3974108889571743,,0.9973728457335016,0
19,1.0,23,Recomputed rules,0.4092011126624887,0.0,0.9935897435897436,2
19,1.0,23,Rules vs original,0.4145512370663327,,0.992854140395124,0
19,1.0,37,Original labels,0.4625769167778011,,0.9976881042454812,0
19,1.0,37,Recomputed rules,0.4367616812572514,0.0,0.9951660361496428,6
19,1.0,37,Rules vs original,0.3894562847295491,,0.9935897435897436,0
19,1.0,51,Original labels,0.404896499552988,,0.9969525010508618,0
19,1.0,51,Recomputed rules,0.4275684195443474,0.0,0.9935897435897436,5
19,1.0,51,Rules vs original,0.4144630438058668,,0.9924337957124842,0
19,1.0,71,Original labels,0.4282206252317808,,0.9978982765868012,0
19,1.0,71,Recomputed rules,0.3727705787506452,0.0,0.9939050021017234,3
19,1.0,71,Rules vs original,0.3821547311203757,,0.992749054224464,0
19,2.0,11,Original labels,0.4127051168918018,,0.992749054224464,0
19,2.0,11,Recomputed rules,0.3954187898623737,0.0,0.9663724253888188,68
19,2.0,11,Rules vs original,0.3487605162133464,,0.9630096679277008,0
19,2.0,23,Original labels,0.3878340365682138,,0.9936948297604036,0
19,2.0,23,Recomputed rules,0.3842408320580583,0.0,0.9675283732660782,53
19,2.0,23,Rules vs original,0.3516101449510982,,0.9650063051702396,0
19,2.0,37,Original labels,0.4193933724484064,,0.994640605296343,0
19,2.0,37,Recomputed rules,0.3686564324586456,0.0,0.9649012189995796,60
19,2.0,37,Rules vs original,0.3332659349646452,,0.9617486338797814,0
19,2.0,51,Original labels,0.3764051666490691,,0.9918032786885246,0
19,2.0,51,Recomputed rules,0.3997295796844499,0.0,0.9673182009247584,55
19,2.0,51,Rules vs original,0.3418315053597871,,0.9627994955863808,0
19,2.0,71,Original labels,0.377635063326684,,0.994640605296343,0
19,2.0,71,Recomputed rules,0.3863822314346993,0.0,0.9693148381672972,47
19,2.0,71,Rules vs original,0.3343100672490552,,0.9652164775115596,0
21,0.5,11,Original labels,0.3885381593714927,,0.9978982765868012,0
21,0.5,11,Recomputed rules,0.3644298662467076,0.0,0.9960067255149222,1
21,0.5,11,Rules vs original,0.5106367028036946,,0.9970575872215216,0
21,0.5,23,Original labels,0.4130001227617895,,0.9980033627574612,0
21,0.5,23,Recomputed rules,0.4137027945649452,,0.9973728457335016,0
21,0.5,23,Rules vs original,0.5329821234151653,,0.9978982765868012,0
21,0.5,37,Original labels,0.4612578483987513,,0.9983186212694408,0
21,0.5,37,Recomputed rules,0.4282381478613652,0.0,0.9978982765868012,1
21,0.5,37,Rules vs original,0.4692580729079386,,0.9972677595628416,0
21,0.5,51,Original labels,0.3788718175775029,,0.9973728457335016,0
21,0.5,51,Recomputed rules,0.4462466339702265,0.0,0.996637242538882,1
21,0.5,51,Rules vs original,0.4883090565131575,,0.996532156368222,0
21,0.5,71,Original labels,0.3909711723127336,,0.9980033627574612,0
21,0.5,71,Recomputed rules,0.3607428257425626,0.0,0.9976881042454812,1
21,0.5,71,Rules vs original,0.4879858841896065,,0.9975830180748212,0
21,1.0,11,Original labels,0.4309514520620334,,0.9974779319041616,0
21,1.0,11,Recomputed rules,0.4011372877447232,0.0,0.9926439680538042,5
21,1.0,11,Rules vs original,0.4163113784884777,,0.9923287095418244,0
21,1.0,23,Original labels,0.3995789916850858,,0.9974779319041616,0
21,1.0,23,Recomputed rules,0.4015245733179569,0.0,0.9934846574190836,2
21,1.0,23,Rules vs original,0.4145512370663327,,0.992854140395124,0
21,1.0,37,Original labels,0.4625769167778011,,0.9976881042454812,0
21,1.0,37,Recomputed rules,0.4367616812572514,0.0,0.9951660361496428,6
21,1.0,37,Rules vs original,0.3894562847295491,,0.9935897435897436,0
21,1.0,51,Original labels,0.404896499552988,,0.9969525010508618,0
21,1.0,51,Recomputed rules,0.4275684195443474,0.0,0.9935897435897436,5
21,1.0,51,Rules vs original,0.4144630438058668,,0.9924337957124842,0
21,1.0,71,Original labels,0.4043760210882921,,0.9976881042454812,0
21,1.0,71,Recomputed rules,0.3727705787506452,0.0,0.9939050021017234,3
21,1.0,71,Rules vs original,0.3821547311203757,,0.992749054224464,0
21,2.0,11,Original labels,0.413618179471838,,0.992854140395124,0
21,2.0,11,Recomputed rules,0.397462651479288,0.0,0.9664775115594788,68
21,2.0,11,Rules vs original,0.3487605162133464,,0.9630096679277008,0
21,2.0,23,Original labels,0.380605404727895,,0.9937999159310634,0
21,2.0,23,Recomputed rules,0.3806572345796968,0.0,0.9673182009247584,53
21,2.0,23,Rules vs original,0.3516101449510982,,0.9650063051702396,0
21,2.0,37,Original labels,0.4120389352997732,,0.994640605296343,0
21,2.0,37,Recomputed rules,0.3649505630075647,0.0,0.9646910466582598,60
21,2.0,37,Rules vs original,0.3332659349646452,,0.9617486338797814,0
21,2.0,51,Original labels,0.3707558896480163,,0.9920134510298444,0
21,2.0,51,Recomputed rules,0.3948971370252994,0.0,0.9670029424127784,55
21,2.0,51,Rules vs original,0.3418315053597871,,0.9627994955863808,0
21,2.0,71,Original labels,0.3792561773339805,,0.9948507776376628,0
21,2.0,71,Recomputed rules,0.3823951119823048,0.0,0.9691046658259772,47
21,2.0,71,Rules vs original,0.3343100672490552,,0.9652164775115596,0
23,0.5,11,Original labels,0.3909711723127336,,0.9980033627574612,0
23,0.5,11,Recomputed rules,0.3489264782063302,0.0,0.9959016393442623,1
23,0.5,11,Rules vs original,0.5106367028036946,,0.9970575872215216,0
23,0.5,23,Original labels,0.3909711723127336,,0.9980033627574612,0
23,0.5,23,Recomputed rules,0.3758704267404149,,0.9971626733921816,0
23,0.5,23,Rules vs original,0.5329821234151653,,0.9978982765868012,0
23,0.5,37,Original labels,0.4397018642254608,,0.998213535098781,0
23,0.5,37,Recomputed rules,0.4070566040677596,0.0,0.9977931904161412,1
23,0.5,37,Rules vs original,0.4692580729079386,,0.9972677595628416,0
23,0.5,51,Original labels,0.3585534392647935,,0.9974779319041616,0
23,0.5,51,Recomputed rules,0.4084764535862655,0.0,0.996321984026902,1
23,0.5,51,Rules vs original,0.4883090565131575,,0.996532156368222,0
23,0.5,71,Original labels,0.3632856710184433,,0.9978982765868012,0
23,0.5,71,Recomputed rules,0.3329475308641975,0.0,0.9975830180748212,1
23,0.5,71,Rules vs original,0.4879858841896065,,0.9975830180748212,0
23,1.0,11,Original labels,0.4189513511739336,,0.9975830180748212,0
23,1.0,11,Recomputed rules,0.3876747200666326,0.0,0.9924337957124842,5
23,1.0,11,Rules vs original,0.4163113784884777,,0.9923287095418244,0
23,1.0,23,Original labels,0.3805314169448036,,0.9974779319041616,0
23,1.0,23,Recomputed rules,0.3855587795656379,0.0,0.9932744850777636,2
23,1.0,23,Rules vs original,0.4145512370663327,,0.992854140395124,0
23,1.0,37,Original labels,0.4702373211628055,,0.9978982765868012,0
23,1.0,37,Recomputed rules,0.4185814435047277,0.0,0.9949558638083228,6
23,1.0,37,Rules vs original,0.3894562847295491,,0.9935897435897436,0
23,1.0,51,Original labels,0.4090500505092282,,0.9971626733921816,0
23,1.0,51,Recomputed rules,0.4135960536169099,0.0,0.9933795712484236,5
23,1.0,51,Rules vs original,0.4144630438058668,,0.9924337957124842,0
23,1.0,71,Original labels,0.4070390832821771,,0.9977931904161412,0
23,1.0,71,Recomputed rules,0.3631182429326281,0.0,0.9937999159310634,3
23,1.0,71,Rules vs original,0.3821547311203757,,0.992749054224464,0
23,2.0,11,Original labels,0.4174786439141191,,0.9932744850777636,0
23,2.0,11,Recomputed rules,0.3944274303316857,0.0,0.9663724253888188,68
23,2.0,11,Rules vs original,0.3487605162133464,,0.9630096679277008,0
23,2.0,23,Original labels,0.3709084127977671,,0.9935897435897436,0
23,2.0,23,Recomputed rules,0.3806572345796968,0.0,0.9673182009247584,53
23,2.0,23,Rules vs original,0.3516101449510982,,0.9650063051702396,0
23,2.0,37,Original labels,0.4108506933674123,,0.994535519125683,0
23,2.0,37,Recomputed rules,0.3668088632746655,0.0,0.9647961328289196,60
23,2.0,37,Rules vs original,0.3332659349646452,,0.9617486338797814,0
23,2.0,51,Original labels,0.3698396549959049,,0.9918032786885246,0
23,2.0,51,Recomputed rules,0.3982473193116899,0.0,0.9672131147540984,55
23,2.0,51,Rules vs original,0.3418315053597871,,0.9627994955863808,0
23,2.0,71,Original labels,0.3669025611574943,,0.994535519125683,0
23,2.0,71,Recomputed rules,0.3843950655278001,0.0,0.9692097519966372,47
23,2.0,71,Rules vs original,0.3343100672490552,,0.9652164775115596,0
25,0.5,11,Original labels,0.3909711723127336,,0.9980033627574612,0
25,0.5,11,Recomputed rules,0.3489264782063302,0.0,0.9959016393442623,1
25,0.5,11,Rules vs original,0.5106367028036946,,0.9970575872215216,0
25,0.5,23,Original labels,0.3909711723127336,,0.9980033627574612,0
25,0.5,23,Recomputed rules,0.3758704267404149,,0.9971626733921816,0
25,0.5,23,Rules vs original,0.5329821234151653,,0.9978982765868012,0
25,0.5,37,Original labels,0.4397018642254608,,0.998213535098781,0
25,0.5,37,Recomputed rules,0.4070566040677596,0.0,0.9977931904161412,1
25,0.5,37,Rules vs original,0.4692580729079386,,0.9972677595628416,0
25,0.5,51,Original labels,0.3585534392647935,,0.9974779319041616,0
25,0.5,51,Recomputed rules,0.4084764535862655,0.0,0.996321984026902,1
25,0.5,51,Rules vs original,0.4883090565131575,,0.996532156368222,0
25,0.5,71,Original labels,0.3632856710184433,,0.9978982765868012,0
25,0.5,71,Recomputed rules,0.3329475308641975,0.0,0.9975830180748212,1
25,0.5,71,Rules vs original,0.4879858841896065,,0.9975830180748212,0
25,1.0,11,Original labels,0.4339399043330829,,0.9975830180748212,0
25,1.0,11,Recomputed rules,0.3941697371969834,0.0,0.9925388818831442,5
25,1.0,11,Rules vs original,0.4163113784884777,,0.9923287095418244,0
25,1.0,23,Original labels,0.3575862102565601,,0.9973728457335016,0
25,1.0,23,Recomputed rules,0.3772529651407052,0.0,0.993169398907104,2
25,1.0,23,Rules vs original,0.4145512370663327,,0.992854140395124,0
25,1.0,37,Original labels,0.4853808997410618,,0.9980033627574612,0
25,1.0,37,Recomputed rules,0.4278155706727135,0.0,0.9950609499789828,6
25,1.0,37,Rules vs original,0.3894562847295491,,0.9935897435897436,0
25,1.0,51,Original labels,0.4090500505092282,,0.9971626733921816,0
25,1.0,51,Recomputed rules,0.4135960536169099,0.0,0.9933795712484236,5
25,1.0,51,Rules vs original,0.4144630438058668,,0.9924337957124842,0
25,1.0,71,Original labels,0.4070390832821771,,0.9977931904161412,0
25,1.0,71,Recomputed rules,0.3631182429326281,0.0,0.9937999159310634,3
25,1.0,71,Rules vs original,0.3821547311203757,,0.992749054224464,0
25,2.0,11,Original labels,0.4217088186713001,,0.9936948297604036,0
25,2.0,11,Recomputed rules,0.3912874353540891,0.0,0.9661622530474988,68
25,2.0,11,Rules vs original,0.3487605162133464,,0.9630096679277008,0
25,2.0,23,Original labels,0.3894566074504899,,0.9939050021017234,0
25,2.0,23,Recomputed rules,0.3825302428021461,0.0,0.9674232870954182,53
25,2.0,23,Rules vs original,0.3516101449510982,,0.9650063051702396,0
25,2.0,37,Original labels,0.4108506933674123,,0.994535519125683,0
25,2.0,37,Recomputed rules,0.3668088632746655,0.0,0.9647961328289196,60
25,2.0,37,Rules vs original,0.3332659349646452,,0.9617486338797814,0
25,2.0,51,Original labels,0.3712295495070356,,0.9921185372005044,0
25,2.0,51,Recomputed rules,0.3932081980946544,0.0,0.9668978562421184,55
25,2.0,51,Rules vs original,0.3418315053597871,,0.9627994955863808,0
25,2.0,71,Original labels,0.3675251369530545,,0.994640605296343,0
25,2.0,71,Recomputed rules,0.3823951119823048,0.0,0.9691046658259772,47
25,2.0,71,Rules vs original,0.3343100672490552,,0.9652164775115596,0
